"SRO ID", "@when", "Date"
"SRO1", "", "19 July 1557–9 July 1558."
"SRO1a", "", "19 July 1557–9 July 1558."
"SRO2", "", "19 July 1557–9 July 1558."
"SRO2a", "", "19 July 1557–9 July 1558."
"SRO2b", "", "19 July 1557–9 July 1558."
"SRO2c", "", "19 July 1557–9 July 1558."
"SRO2d", "", "19 July 1557–9 July 1558."
"SRO2e", "", "19 July 1557–9 July 1558."
"SRO4", "", "19 July 1557–9 July 1558."
"SRO4a", "", "19 July 1557–9 July 1558."
"SRO4b", "", "19 July 1557–9 July 1558."
"SRO4c", "", "19 July 1557–9 July 1558."
"SRO4d", "", "19 July 1557–9 July 1558."
"SRO4e", "", "19 July 1557–9 July 1558."
"SRO4f", "", "19 July 1557–9 July 1558."
"SRO4g", "", "19 July 1557–9 July 1558."
"SRO4h", "", "19 July 1557–9 July 1558."
"SRO4i", "", "19 July 1557–9 July 1558."
"SRO5", "", "19 July 1557–9 July 1558."
"SRO5a", "", "19 July 1557–9 July 1558."
"SRO5b", "", "19 July 1557–9 July 1558."
"SRO5c", "", "19 July 1557–9 July 1558."
"SRO5d", "", "19 July 1557–9 July 1558."
"SRO5e", "", "19 July 1557–9 July 1558."
"SRO5f", "", "19 July 1557–9 July 1558."
"SRO5g", "", "19 July 1557–9 July 1558."
"SRO5h", "", "19 July 1557–9 July 1558."
"SRO6", "", "19 July 1557–9 July 1558."
"SRO6a", "", "19 July 1557–9 July 1558."
"SRO6b", "", "19 July 1557–9 July 1558."
"SRO6c", "", "19 July 1557–9 July 1558."
"SRO6d", "", "19 July 1557–9 July 1558."
"SRO6e", "", "19 July 1557–9 July 1558."
"SRO6f", "", "19 July 1557–9 July 1558."
"SRO6g", "", "19 July 1557–9 July 1558."
"SRO7", "", "10 July 1558–10 July 1559."
"SRO7a", "", "10 July 1558–10 July 1559."
"SRO8", "", "10 July 1558–10 July 1559."
"SRO9", "", "10 July 1558–10 July 1559."
"SRO10", "", "10 July 1558–10 July 1559."
"SRO11", "", "10 July 1558–10 July 1559."
"SRO12", "", "10 July 1558–10 July 1559."
"SRO13", "", "10 July 1558–10 July 1559."
"SRO14", "", "10 July 1558–10 July 1559."
"SRO15", "", "10 July 1558–10 July 1559."
"SRO16", "", "10 July 1558–10 July 1559."
"SRO17", "", "10 July 1558–10 July 1559."
"SRO18", "", "10 July 1558–10 July 1559."
"SRO19", "", "10 July 1558–10 July 1559."
"SRO20", "", "10 July 1558–10 July 1559."
"SRO21", "", "10 July 1558–10 July 1559."
"SRO22", "", "10 July 1558–10 July 1559."
"SRO23", "", "10 July 1558–10 July 1559."
"SRO24", "", "10 July 1558–10 July 1559."
"SRO25", "", "10 July 1558–10 July 1559."
"SRO26", "", "10 July 1558–10 July 1559."
"SRO27", "", "10 July 1558–10 July 1559."
"SRO28", "", "10 July 1558–10 July 1559."
"SRO29", "", "10 July 1558–10 July 1559."
"SRO30", "", "10 July 1558–10 July 1559."
"SRO31", "", "10 July 1558–10 July 1559."
"SRO32", "", "10 July 1558–10 July 1559."
"SRO33", "", "10 July 1558–10 July 1559."
"SRO34", "", "10 July 1558–10 July 1559."
"SRO35", "", "10 July 1558–10 July 1559."
"SRO36", "", "10 July 1558–10 July 1559."
"SRO36a", "1559-08-06", "vjth of auguste 1559"
"SRO37", "1559-10-12", "xij of octobre 1559"
"SRO38", "1559-11-06", "vj of novembre 1559"
"SRO38a", "1559-11-06", "vjth of novembre 1559"
"SRO38b", "1559-11-06", "vjth of novembre 1559"
"SRO38c", "1559-11-06", "vjth of novembre 1559"
"SRO38d", "1559-11-06", "vjth of novembre 1559"
"SRO38e", "1559-12-04", "iiij of decembre 1559"
"SRO39", "1560-01-15", "xvth of Januarij 1560"
"SRO39a", "", "15 January 1560–24 January 1560."
"SRO39b", "1560-01-24", "xxiiij Daye of Januarij 1560"
"SRO39c", "1560-02-06", "vj of Februarij 1560"
"SRO39d", "1560-01-24", "xxiiij Daye of Januarij 1560"
"SRO40", "1560-02-06", "vj Day of Februarij 1560"
"SRO40a", "1560-03-04", "iiijth Daye of marche 1560"
"SRO40b", "", "03 March 1559–5 May 1560."
"SRO40c", "", "03 March 1559–5 May 1560."
"SRO40d", "", "03 March 1559–5 May 1560."
"SRO40e", "", "03 March 1559–5 May 1560."
"SRO40f", "", "03 March 1559–5 May 1560."
"SRO40g", "", "03 March 1559–14 May 1560."
"SRO41", "1560-05-14", "xiiij Daye of maye 1560"
"SRO41a", "", "15 May 1560–18 May 1560."
"SRO41b", "1560-05-18", "xviijth of maye 1560"
"SRO41c", "1560-05-30", "xxx of maye 1560"
"SRO41d", "1560-06-10", "x of June anno 1560"
"SRO41e", "1560-06-20", "xx of June / 1560"
"SRO42", "1560-06-25", "xxv of June anno 1560"
"SRO42a", "1560", "xxviijth Daye of July anno 1560"
"SRO42b", "", "28 July 1560–14 August 1560."
"SRO42c", "1560-08-14", "xiiij of auguste Anno 1560"
"SRO42d", "1560-08-14", "xiiij of auguste 1560"
"SRO42e", "1560-08-14", "xiiijth of auguste 1560"
"SRO42f", "1560-08-14", "xiiij of auguste 1560"
"SRO42g", "1560-08-19", "xix Daye of auguste 1560"
"SRO42h", "1560-08-30", "xxx daye of auguste 1560"
"SRO42i", "1560-08-30", "xxx Daye of auguste1560"
"SRO42j", "1560-08-31", "Laste Daye of auguste 1560"
"SRO42k", "1560-09-02", "ijde Daye of septembre1560"
"SRO42l", "1560-09-02", "ijdeDaye of septembre 1560"
"SRO42m", "1560-09-20", "xxx or rather xx Daye of Septembre 1560"
"SRO42n", "1560-09-20", "xx of septembre 1560"
"SRO42o", "1560-09-20", "xx Daye of septembre 1560"
"SRO42p", "1560-09-20", "xx Daye of septembre 1560"
"SRO42q", "1560-09-26", "xxvj Daye of septembre 1560"
"SRO42r", "1560-09", "xxvjth Daye of septembre 1560"
"SRO42s", "1560-09-26", "xxvj Daye of septembre 1560"
"SRO42t", "", "26 September 1560–4 November 1560."
"SRO42u", "", "26 September 1560–4 November 1560."
"SRO42v", "", "26 September 1560–4 November 1560."
"SRO42w", "", "26 September 1560–4 November 1560."
"SRO42x", "", "26 September 1560–4 November 1560."
"SRO42y", "", "26 September 1560–4 November 1560."
"SRO42z", "1560-11", "iiijth Daye of novembre 1560"
"SRO42aa", "", "4 November 1560–30 November 1560."
"SRO42ab", "1560-11-30", "xxx of novembre1560"
"SRO42ac", "1560-11-30", "xxx of novembre1560"
"SRO42ad", "1560-11-30", "xxx of novembre 1560"
"SRO42ae", "1560-10-30", "xxx of octobre 1560"
"SRO42af", "1560-10-30", "xxx of octobre 1560"
"SRO42ag", "1560-10-30", "xxx of octobre 1560"
"SRO42ah", "", "4 October 1560–8 March 1561."
"SRO42ai", "1560-10-30", "xxx of octobre 1560"
"SRO42aj", "", "4 October 1560–8 March 1561."
"SRO42ak", "", "4 October 1560–8 March 1561."
"SRO42al", "", "4 October 1560–8 March 1561."
"SRO42am", "", "4 October 1560–8 March 1561."
"SRO42an", "", "4 October 1560–8 March 1561."
"SRO42ao", "", "4 October 1560–8 March 1561."
"SRO42ap", "", "4 October 1560–8 March 1561."
"SRO42aq", "", "4 October 1560–8 March 1561."
"SRO42ar", "", "4 October 1560–8 March 1561."
"SRO43", "", "4 October 1560–8 March 1561."
"SRO44", "", "4 October 1560–8 March 1561."
"SRO45", "", "4 October 1560–8 March 1561."
"SRO46", "", "4 October 1560–8 March 1561."
"SRO47", "", "4 October 1560–8 March 1561."
"SRO48", "", "4 October 1560–8 March 1561."
"SRO49", "", "4 October 1560–8 March 1561."
"SRO50", "", "4 October 1560–8 March 1561."
"SRO51", "", "4 October 1560–8 March 1561."
"SRO52", "", "4 October 1560–8 March 1561."
"SRO53", "1561-03-08", "viij of marche1561"
"SRO53a", "", "7 July 1560–8 July 1561."
"SRO53ab", "", "7 July 1560–8 July 1561."
"SRO53ac", "1561-04-14", "xiiij Daye of aprill 1561"
"SRO53ad", "1561-05-11", "xj of maye 1561"
"SRO53ae", "1561-05-11", "xj of maye 1561"
"SRO53af", "1561-05-11", "xj of maye 1561"
"SRO53ag", "", "7 July 1560–8 July 1561."
"SRO53ah", "", "7 July 1560–8 July 1561."
"SRO54", "", "7 July 1560–8 July 1561."
"SRO54a", "1561-05-11", "xj of maye 1561"
"SRO54b", "", "7 July 1560–8 July 1561."
"SRO54c", "", "7 July 1560–8 July 1561."
"SRO54d", "1561-06-11", "xj of June 1561"
"SRO54e", "1561-06-24", "xxiiij Daye of June 1561"
"SRO54f", "", "7 July 1560–8 July 1561."
"SRO54g", "", "7 July 1560–8 July 1561."
"SRO54h", "", "7 July 1560–8 July 1561."
"SRO54i", "", "7 July 1560–8 July 1561."
"SRO54j", "", "7 July 1560–8 July 1561."
"SRO54k", "", "7 July 1560–8 July 1561."
"SRO54l", "", "7 July 1560–8 July 1561."
"SRO54m", "", "7 July 1560–8 July 1561."
"SRO55", "", "22 July 1561–24 July 1562."
"SRO56", "", "22 July 1561–24 July 1562."
"SRO57", "", "22 July 1561–24 July 1562."
"SRO58", "", "22 July 1561–24 July 1562."
"SRO59", "", "22 July 1561–24 July 1562."
"SRO60", "", "22 July 1561–24 July 1562."
"SRO61", "", "22 July 1561–24 July 1562."
"SRO62", "", "22 July 1561–24 July 1562."
"SRO63", "", "22 July 1561–24 July 1562."
"SRO64", "", "22 July 1561–24 July 1562."
"SRO65", "", "22 July 1561–24 July 1562."
"SRO66", "", "22 July 1561–24 July 1562."
"SRO67", "", "22 July 1561–24 July 1562."
"SRO68", "", "22 July 1561–24 July 1562."
"SRO69", "", "22 July 1561–24 July 1562."
"SRO70", "", "22 July 1561–24 July 1562."
"SRO71", "", "22 July 1561–24 July 1562."
"SRO72", "", "22 July 1561–24 July 1562."
"SRO73", "", "22 July 1561–24 July 1562."
"SRO74", "", "22 July 1561–24 July 1562."
"SRO75", "", "22 July 1561–24 July 1562."
"SRO76", "", "22 July 1561–24 July 1562."
"SRO77", "", "22 July 1561–24 July 1562."
"SRO78", "", "22 July 1561–24 July 1562."
"SRO79", "", "22 July 1561–24 July 1562."
"SRO80", "", "22 July 1561–24 July 1562."
"SRO81", "", "22 July 1561–24 July 1562."
"SRO82", "", "22 July 1561–24 July 1562."
"SRO83", "", "22 July 1561–24 July 1562."
"SRO83a", "", "22 July 1561–24 July 1562."
"SRO84", "", "22 July 1561–24 July 1562."
"SRO85", "", "22 July 1561–24 July 1562."
"SRO86", "", "22 July 1561–24 July 1562."
"SRO87", "", "22 July 1561–24 July 1562."
"SRO88", "", "22 July 1561–24 July 1562."
"SRO89", "", "22 July 1561–24 July 1562."
"SRO90", "", "22 July 1561–24 July 1562."
"SRO91", "", "22 July 1561–24 July 1562."
"SRO92", "", "22 July 1561–24 July 1562."
"SRO93", "", "22 July 1561–24 July 1562."
"SRO94", "", "22 July 1561–24 July 1562."
"SRO95", "", "22 July 1561–24 July 1562."
"SRO96", "", "22 July 1561–24 July 1562."
"SRO97", "", "22 July 1561–24 July 1562."
"SRO98", "", "22 July 1561–24 July 1562."
"SRO99", "", "22 July 1561–24 July 1562."
"SRO99a", "", "22 July 1561–24 July 1562."
"SRO100", "", "22 July 1561–24 July 1562."
"SRO101", "", "22 July 1561–24 July 1562."
"SRO102", "", "22 July 1561–24 July 1562."
"SRO103", "", "22 July 1561–24 July 1562."
"SRO104", "", "22 July 1561–24 July 1562."
"SRO105", "", "22 July 1561–24 July 1562."
"SRO106", "", "22 July 1561–24 July 1562."
"SRO107", "", "22 July 1561–24 July 1562."
"SRO108", "", "22 July 1561–24 July 1562."
"SRO109", "", "22 July 1561–24 July 1562."
"SRO110", "", "22 July 1561–24 July 1562."
"SRO111", "", "22 July 1561–24 July 1562."
"SRO112", "", "22 July 1561–24 July 1562."
"SRO113", "", "22 July 1561–24 July 1562."
"SRO114", "", "22 July 1561–24 July 1562."
"SRO115", "", "22 July 1561–24 July 1562."
"SRO116", "", "22 July 1561–24 July 1562."
"SRO117", "", "22 July 1561–24 July 1562."
"SRO118", "", "22 July 1561–24 July 1562."
"SRO119", "", "22 July 1561–24 July 1562."
"SRO120", "", "22 July 1561–24 July 1562."
"SRO121", "", "22 July 1561–24 July 1562."
"SRO122", "", "22 July 1561–24 July 1562."
"SRO123", "", "22 July 1561–24 July 1562."
"SRO124", "", "22 July 1561–24 July 1562."
"SRO124a", "", "22 July 1561–24 July 1562."
"SRO124b", "", "22 July 1561–24 July 1562."
"SRO124c", "", "22 July 1561–24 July 1562."
"SRO124d", "", "22 July 1561–24 July 1562."
"SRO124e", "", "22 July 1561–24 July 1562."
"SRO124f", "", "22 July 1561–24 July 1562."
"SRO124g", "", "22 July 1561–24 July 1562."
"SRO124h", "", "22 July 1561–24 July 1562."
"SRO125", "", "22 July 1561–24 July 1562."
"SRO126", "", "22 July 1561–24 July 1562."
"SRO127", "", "22 July 1561–24 July 1562."
"SRO128", "", "22 July 1562–22 July 1563."
"SRO129", "", "22 July 1562–22 July 1563."
"SRO130", "", "22 July 1562–22 July 1563."
"SRO131", "", "22 July 1562–22 July 1563."
"SRO132", "", "22 July 1562–22 July 1563."
"SRO133", "", "22 July 1562–22 July 1563."
"SRO134", "", "22 July 1562–22 July 1563."
"SRO135", "", "22 July 1562–22 July 1563."
"SRO136", "", "22 July 1562–22 July 1563."
"SRO137", "", "22 July 1562–22 July 1563."
"SRO138", "", "22 July 1562–22 July 1563."
"SRO139", "", "22 July 1562–22 July 1563."
"SRO140", "", "22 July 1562–22 July 1563."
"SRO141", "", "22 July 1562–22 July 1563."
"SRO142", "", "22 July 1562–22 July 1563."
"SRO143", "", "22 July 1562–22 July 1563."
"SRO144", "", "22 July 1562–22 July 1563."
"SRO145", "", "22 July 1562–22 July 1563."
"SRO145a", "", "22 July 1562–22 July 1563."
"SRO146", "", "22 July 1562–22 July 1563."
"SRO147", "", "22 July 1562–22 July 1563."
"SRO148", "", "22 July 1562–22 July 1563."
"SRO149", "", "22 July 1562–22 July 1563."
"SRO150", "", "22 July 1562–22 July 1563."
"SRO151", "", "22 July 1562–22 July 1563."
"SRO152", "", "22 July 1562–22 July 1563."
"SRO153", "", "22 July 1562–22 July 1563."
"SRO154", "", "22 July 1562–22 July 1563."
"SRO155", "", "22 July 1562–22 July 1563."
"SRO156", "", "22 July 1562–22 July 1563."
"SRO157", "", "22 July 1562–22 July 1563."
"SRO158", "", "22 July 1562–22 July 1563."
"SRO159", "", "22 July 1562–22 July 1563."
"SRO160", "", "22 July 1562–22 July 1563."
"SRO161", "", "22 July 1562–22 July 1563."
"SRO162", "", "22 July 1562–22 July 1563."
"SRO163", "", "22 July 1562–22 July 1563."
"SRO164", "", "22 July 1562–22 July 1563."
"SRO165", "", "22 July 1562–22 July 1563."
"SRO166", "", "22 July 1562–22 July 1563."
"SRO167", "", "22 July 1562–22 July 1563."
"SRO168", "", "22 July 1562–22 July 1563."
"SRO169", "", "22 July 1562–22 July 1563."
"SRO170", "", "22 July 1562–22 July 1563."
"SRO171", "", "22 July 1562–22 July 1563."
"SRO172", "", "22 July 1562–22 July 1563."
"SRO173", "", "22 July 1562–22 July 1563."
"SRO174", "", "22 July 1562–22 July 1563."
"SRO175", "", "22 July 1562–22 July 1563."
"SRO176", "", "22 July 1562–22 July 1563."
"SRO177", "", "22 July 1562–22 July 1563."
"SRO178", "", "22 July 1562–22 July 1563."
"SRO179", "", "22 July 1562–22 July 1563."
"SRO180", "", "22 July 1562–22 July 1563."
"SRO181", "", "22 July 1562–22 July 1563."
"SRO182", "", "22 July 1562–22 July 1563."
"SRO183", "", "22 July 1562–22 July 1563."
"SRO184", "", "22 July 1562–22 July 1563."
"SRO185", "", "22 July 1562–22 July 1563."
"SRO186", "", "22 July 1562–22 July 1563."
"SRO187", "", "22 July 1562–22 July 1563."
"SRO188", "", "22 July 1562–22 July 1563."
"SRO189", "", "22 July 1562–22 July 1563."
"SRO190", "", "22 July 1562–22 July 1563."
"SRO191", "", "22 July 1562–22 July 1563."
"SRO192", "", "22 July 1562–22 July 1563."
"SRO193", "", "22 July 1562–22 July 1563."
"SRO194", "", "22 July 1562–22 July 1563."
"SRO195", "", "22 July 1562–22 July 1563."
"SRO196", "", "22 July 1562–22 July 1563."
"SRO197", "", "22 July 1562–22 July 1563."
"SRO198", "", "22 July 1562–22 July 1563."
"SRO199", "", "22 July 1562–22 July 1563."
"SRO200", "", "22 July 1562–22 July 1563."
"SRO201", "", "22 July 1562–22 July 1563."
"SRO202", "", "22 July 1562–22 July 1563."
"SRO203", "", "22 July 1562–22 July 1563."
"SRO204", "", "22 July 1562–22 July 1563."
"SRO205", "", "22 July 1562–22 July 1563."
"SRO206", "", "22 July 1562–22 July 1563."
"SRO207", "", "22 July 1562–22 July 1563."
"SRO208", "", "22 July 1562–22 July 1563."
"SRO209", "", "22 July 1562–22 July 1563."
"SRO210", "", "22 July 1562–22 July 1563."
"SRO211", "", "22 July 1562–22 July 1563."
"SRO212", "", "22 July 1562–22 July 1563."
"SRO213", "", "22 July 1562–22 July 1563."
"SRO214", "", "22 July 1562–22 July 1563."
"SRO215", "", "22 July 1562–22 July 1563."
"SRO216", "", "22 July 1562–22 July 1563."
"SRO217", "", "22 July 1562–22 July 1563."
"SRO218", "", "22 July 1562–22 July 1563."
"SRO219", "", "22 July 1562–22 July 1563."
"SRO220", "", "22 July 1562–22 July 1563."
"SRO221", "", "22 July 1562–22 July 1563."
"SRO222", "", "22 July 1562–22 July 1563."
"SRO223", "", "22 July 1562–22 July 1563."
"SRO224", "", "22 July 1562–22 July 1563."
"SRO225", "", "22 July 1562–22 July 1563."
"SRO226", "", "22 July 1562–22 July 1563."
"SRO227", "", "22 July 1562–22 July 1563."
"SRO228", "", "22 July 1562–22 July 1563."
"SRO229", "", "22 July 1562–22 July 1563."
"SRO230", "", "22 July 1562–22 July 1563."
"SRO231", "", "22 July 1562–22 July 1563."
"SRO232", "", "22 July 1562–22 July 1563."
"SRO234", "", "22 July 1562–22 July 1563."
"SRO235", "", "22 July 1562–22 July 1563."
"SRO236", "", "22 July 1562–22 July 1563."
"SRO237", "", "22 July 1562–22 July 1563."
"SRO238", "", "22 July 1562–22 July 1563."
"SRO239", "", "22 July 1562–22 July 1563."
"SRO240", "", "22 July 1562–22 July 1563."
"SRO241", "", "22 July 1562–22 July 1563."
"SRO242", "", "22 July 1562–22 July 1563."
"SRO243", "", "22 July 1562–22 July 1563."
"SRO244", "", "22 July 1562–22 July 1563."
"SRO245", "", "22 July 1562–22 July 1563."
"SRO246", "", "22 July 1562–22 July 1563."
"SRO247", "", "22 July 1562–22 July 1563."
"SRO248", "", "22 July 1562–22 July 1563."
"SRO249", "", "22 July 1562–22 July 1563."
"SRO250", "", "22 July 1562–22 July 1563."
"SRO251", "", "22 July 1562–22 July 1563."
"SRO252", "", "22 July 1563–22 July 1564."
"SRO253", "", "22 July 1563–22 July 1564."
"SRO254", "", "22 July 1563–22 July 1564."
"SRO255", "", "22 July 1563–22 July 1564."
"SRO256", "", "22 July 1563–22 July 1564."
"SRO257", "", "22 July 1563–22 July 1564."
"SRO258", "", "22 July 1563–22 July 1564."
"SRO259", "", "22 July 1563–22 July 1564."
"SRO260", "", "22 July 1563–22 July 1564."
"SRO261", "", "22 July 1563–22 July 1564."
"SRO262", "", "22 July 1563–22 July 1564."
"SRO263", "", "22 July 1563–22 July 1564."
"SRO264", "", "22 July 1563–22 July 1564."
"SRO265", "", "22 July 1563–22 July 1564."
"SRO266", "", "22 July 1563–22 July 1564."
"SRO267", "", "22 July 1563–22 July 1564."
"SRO268", "", "22 July 1563–22 July 1564."
"SRO269", "", "22 July 1563–22 July 1564."
"SRO270", "", "22 July 1563–22 July 1564."
"SRO271", "", "22 July 1563–22 July 1564."
"SRO272", "", "22 July 1563–22 July 1564."
"SRO273", "", "22 July 1563–22 July 1564."
"SRO274", "", "22 July 1563–22 July 1564."
"SRO275", "", "22 July 1563–22 July 1564."
"SRO276", "", "22 July 1563–22 July 1564."
"SRO277", "", "22 July 1563–22 July 1564."
"SRO278", "", "22 July 1563–22 July 1564."
"SRO279", "", "22 July 1563–22 July 1564."
"SRO280", "", "22 July 1563–22 July 1564."
"SRO281", "", "22 July 1563–22 July 1564."
"SRO282", "", "22 July 1563–22 July 1564."
"SRO283", "", "22 July 1563–22 July 1564."
"SRO284", "", "22 July 1563–22 July 1564."
"SRO285", "", "22 July 1563–22 July 1564."
"SRO286", "", "22 July 1563–22 July 1564."
"SRO287", "", "22 July 1563–22 July 1564."
"SRO288", "", "22 July 1563–22 July 1564."
"SRO289", "", "22 July 1563–22 July 1564."
"SRO290", "", "22 July 1563–22 July 1564."
"SRO291", "", "22 July 1563–22 July 1564."
"SRO292", "", "22 July 1563–22 July 1564."
"SRO293", "", "22 July 1563–22 July 1564."
"SRO294", "", "22 July 1563–22 July 1564."
"SRO295", "", "22 July 1563–22 July 1564."
"SRO296", "", "22 July 1563–22 July 1564."
"SRO297", "", "22 July 1563–22 July 1564."
"SRO298", "", "22 July 1563–22 July 1564."
"SRO299", "", "22 July 1563–22 July 1564."
"SRO300", "", "22 July 1563–22 July 1564."
"SRO301", "", "22 July 1563–22 July 1564."
"SRO302", "", "22 July 1563–22 July 1564."
"SRO303", "", "22 July 1563–22 July 1564."
"SRO304", "", "22 July 1563–22 July 1564."
"SRO305", "", "22 July 1563–22 July 1564."
"SRO306", "", "22 July 1563–22 July 1564."
"SRO307", "", "22 July 1563–22 July 1564."
"SRO308", "", "22 July 1563–22 July 1564."
"SRO309", "", "22 July 1563–22 July 1564."
"SRO310", "", "22 July 1563–22 July 1564."
"SRO311", "", "22 July 1563–22 July 1564."
"SRO312", "", "22 July 1563–22 July 1564."
"SRO313", "", "22 July 1564–04 September 1564."
"SRO314", "", "22 July 1564–04 September 1564."
"SRO315", "", "22 July 1564–04 September 1564."
"SRO316", "", "22 July 1564–04 September 1564."
"SRO317", "", "22 July 1564–04 September 1564."
"SRO318", "", "22 July 1564–04 September 1564."
"SRO319", "", "22 July 1564–04 September 1564."
"SRO320", "", "22 July 1564–04 September 1564."
"SRO321", "", "22 July 1564–04 September 1564."
"SRO322", "", "22 July 1564–04 September 1564."
"SRO323", "", "22 July 1564–04 September 1564."
"SRO324", "", "22 July 1564–04 September 1564."
"SRO325", "", "22 July 1564–04 September 1564."
"SRO326", "", "22 July 1564–04 September 1564."
"SRO327", "", "22 July 1564–04 September 1564."
"SRO328", "", "22 July 1564–04 September 1564."
"SRO329", "", "22 July 1564–04 September 1564."
"SRO330", "", "22 July 1564–04 September 1564."
"SRO331", "", "22 July 1564–04 September 1564."
"SRO331a", "1564-09-04", "The iiijth Daye of septembre 1564"
"SRO332", "", "04 September 1564–27 October 1564."
"SRO333", "", "04 September 1564–27 October 1564."
"SRO334", "", "04 September 1564–27 October 1564."
"SRO335", "", "04 September 1564–27 October 1564."
"SRO336", "", "04 September 1564–27 October 1564."
"SRO337", "", "04 September 1564–27 October 1564."
"SRO338", "", "04 September 1564–27 October 1564."
"SRO339", "", "04 September 1564–27 October 1564."
"SRO340", "", "04 September 1564–27 October 1564."
"SRO341", "", "04 September 1564–27 October 1564."
"SRO342", "", "04 September 1564–27 October 1564."
"SRO343", "", "04 September 1564–27 October 1564."
"SRO344", "", "04 September 1564–27 October 1564."
"SRO345", "", "04 September 1564–27 October 1564."
"SRO346", "", "04 September 1564–27 October 1564."
"SRO347", "", "04 September 1564–27 October 1564."
"SRO348", "", "04 September 1564–27 October 1564."
"SRO349", "", "04 September 1564–27 October 1564."
"SRO350", "", "04 September 1564–27 October 1564."
"SRO351", "", "04 September 1564–27 October 1564."
"SRO352", "", "04 September 1564–27 October 1564."
"SRO353", "", "04 September 1564–27 October 1564."
"SRO354", "", "04 September 1564–27 October 1564."
"SRO355", "1564-10-27", "xxvij Daye of octobre anno 1564"
"SRO356", "", "27 October 1564–22 July 1565."
"SRO357", "", "27 October 1564–22 July 1565."
"SRO358", "", "27 October 1564–22 July 1565."
"SRO359", "", "27 October 1564–22 July 1565."
"SRO360", "", "27 October 1564–22 July 1565."
"SRO361", "", "27 October 1564–22 July 1565."
"SRO362", "", "27 October 1564–22 July 1565."
"SRO363", "", "27 October 1564–22 July 1565."
"SRO364", "", "27 October 1564–22 July 1565."
"SRO365", "", "27 October 1564–22 July 1565."
"SRO366", "", "27 October 1564–22 July 1565."
"SRO367", "", "27 October 1564–22 July 1565."
"SRO368", "", "27 October 1564–22 July 1565."
"SRO369", "", "27 October 1564–22 July 1565."
"SRO370", "", "27 October 1564–22 July 1565."
"SRO371", "", "27 October 1564–22 July 1565."
"SRO372", "", "27 October 1564–22 July 1565."
"SRO373", "", "27 October 1564–22 July 1565."
"SRO374", "", "27 October 1564–22 July 1565."
"SRO375", "", "27 October 1564–22 July 1565."
"SRO376", "", "27 October 1564–22 July 1565."
"SRO377", "", "07 March 1564–21 April 1565."
"SRO378", "", "07 March 1564–21 April 1565."
"SRO379", "", "07 March 1564–21 April 1565."
"SRO380", "", "07 March 1564–21 April 1565."
"SRO381", "", "07 March 1564–21 April 1565."
"SRO382", "", "07 March 1564–21 April 1565."
"SRO383", "", "07 March 1564–21 April 1565."
"SRO384", "", "07 March 1564–21 April 1565."
"SRO385", "", "07 March 1564–21 April 1565."
"SRO386", "", "07 March 1564–21 April 1565."
"SRO387", "", "07 March 1564–21 April 1565."
"SRO389", "", "07 March 1564–21 April 1565."
"SRO390", "", "07 March 1564–21 April 1565."
"SRO391", "", "07 March 1564–21 April 1565."
"SRO392", "", "07 March 1564–21 April 1565."
"SRO393", "", "07 March 1564–21 April 1565."
"SRO394", "", "07 March 1564–21 April 1565."
"SRO395", "", "07 March 1564–21 April 1565."
"SRO396", "", "07 March 1564–21 April 1565."
"SRO397", "", "07 March 1564–21 April 1565."
"SRO398", "", "07 March 1564–21 April 1565."
"SRO399", "", "07 March 1564–21 April 1565."
"SRO400", "", "07 March 1564–21 April 1565."
"SRO401", "", "07 March 1564–21 April 1565."
"SRO402", "", "07 March 1564–21 April 1565."
"SRO403", "", "07 March 1564–21 April 1565."
"SRO404", "", "07 March 1564–21 April 1565."
"SRO405", "", "22 July 1565–22 July 1566."
"SRO406", "", "22 July 1565–22 July 1566."
"SRO407", "", "22 July 1565–22 July 1566."
"SRO408", "", "22 July 1565–22 July 1566."
"SRO409", "", "22 July 1565–22 July 1566."
"SRO410", "", "22 July 1565–22 July 1566."
"SRO411", "", "22 July 1565–22 July 1566."
"SRO412", "", "22 July 1565–22 July 1566."
"SRO413", "", "22 July 1565–22 July 1566."
"SRO414", "", "22 July 1565–22 July 1566."
"SRO415", "", "22 July 1565–22 July 1566."
"SRO416", "", "22 July 1565–22 July 1566."
"SRO417", "", "22 July 1565–22 July 1566."
"SRO418", "", "22 July 1565–22 July 1566."
"SRO419", "", "22 July 1565–22 July 1566."
"SRO420", "", "22 July 1565–22 July 1566."
"SRO421", "", "22 July 1565–22 July 1566."
"SRO422", "", "22 July 1565–22 July 1566."
"SRO423", "", "22 July 1565–22 July 1566."
"SRO424", "", "22 July 1565–22 July 1566."
"SRO425", "", "22 July 1565–22 July 1566."
"SRO426", "", "22 July 1565–22 July 1566."
"SRO427", "", "22 July 1565–22 July 1566."
"SRO428", "", "22 July 1565–22 July 1566."
"SRO429", "", "22 July 1565–22 July 1566."
"SRO430", "", "22 July 1565–22 July 1566."
"SRO431", "", "22 July 1565–22 July 1566."
"SRO432", "", "22 July 1565–22 July 1566."
"SRO433", "", "22 July 1565–22 July 1566."
"SRO434", "", "22 July 1565–22 July 1566."
"SRO435", "", "22 July 1565–22 July 1566."
"SRO436", "", "22 July 1565–22 July 1566."
"SRO437", "", "22 July 1565–22 July 1566."
"SRO438", "", "22 July 1565–22 July 1566."
"SRO439", "", "22 July 1565–22 July 1566."
"SRO440", "", "22 July 1565–22 July 1566."
"SRO441", "", "22 July 1565–22 July 1566."
"SRO442", "", "22 July 1565–22 July 1566."
"SRO443", "", "22 July 1565–22 July 1566."
"SRO444", "", "22 July 1565–22 July 1566."
"SRO445", "", "22 July 1565–22 July 1566."
"SRO446", "", "22 July 1565–22 July 1566."
"SRO447", "", "22 July 1565–22 July 1566."
"SRO448", "", "22 July 1565–22 July 1566."
"SRO449", "", "22 July 1565–22 July 1566."
"SRO450", "", "22 July 1565–22 July 1566."
"SRO451", "", "22 July 1565–22 July 1566."
"SRO452", "", "22 July 1565–22 July 1566."
"SRO453", "", "22 July 1565–22 July 1566."
"SRO454", "", "22 July 1565–22 July 1566."
"SRO455", "", "22 July 1565–22 July 1566."
"SRO456", "", "22 July 1565–22 July 1566."
"SRO457", "", "22 July 1565–22 July 1566."
"SRO458", "", "22 July 1565–22 July 1566."
"SRO459", "", "22 July 1565–22 July 1566."
"SRO460", "", "22 July 1565–22 July 1566."
"SRO461", "", "22 July 1565–22 July 1566."
"SRO462", "", "22 July 1565–22 July 1566."
"SRO463", "", "22 July 1565–22 July 1566."
"SRO464", "", "22 July 1565–22 July 1566."
"SRO465", "", "22 July 1565–22 July 1566."
"SRO466", "", "22 July 1565–22 July 1566."
"SRO467", "", "22 July 1565–22 July 1566."
"SRO468", "", "22 July 1565–22 July 1566."
"SRO469", "", "22 July 1565–22 July 1566."
"SRO470", "", "22 July 1565–22 July 1566."
"SRO471", "", "22 July 1565–22 July 1566."
"SRO472", "", "22 July 1565–22 July 1566."
"SRO473", "", "22 July 1565–22 July 1566."
"SRO474", "", "22 July 1565–22 July 1566."
"SRO475", "", "22 July 1565–22 July 1566."
"SRO476", "", "22 July 1565–22 July 1566."
"SRO477", "", "22 July 1565–22 July 1566."
"SRO478", "", "22 July 1565–22 July 1566."
"SRO479", "", "22 July 1565–22 July 1566."
"SRO480", "", "22 July 1565–22 July 1566."
"SRO481", "", "22 July 1565–22 July 1566."
"SRO482", "", "22 July 1565–22 July 1566."
"SRO483", "", "22 July 1565–22 July 1566."
"SRO484", "", "22 July 1565–22 July 1566."
"SRO485", "", "22 July 1565–22 July 1566."
"SRO486", "", "22 July 1565–22 July 1566."
"SRO487", "", "22 July 1565–22 July 1566."
"SRO488", "", "22 July 1565–22 July 1566."
"SRO489", "", "22 July 1565–22 July 1566."
"SRO490", "", "22 July 1565–22 July 1566."
"SRO491", "", "22 July 1565–22 July 1566."
"SRO492", "", "22 July 1565–22 July 1566."
"SRO493", "", "22 July 1565–22 July 1566."
"SRO494", "", "22 July 1565–22 July 1566."
"SRO495", "", "22 July 1565–22 July 1566."
"SRO496", "", "22 July 1565–22 July 1566."
"SRO497", "", "22 July 1565–22 July 1566."
"SRO498", "", "22 July 1565–22 July 1566."
"SRO499", "", "22 July 1565–22 July 1566."
"SRO500", "", "22 July 1565–22 July 1566."
"SRO501", "", "22 July 1565–22 July 1566."
"SRO502", "", "22 July 1565–22 July 1566."
"SRO503", "", "22 July 1565–22 July 1566."
"SRO504", "", "22 July 1565–22 July 1566."
"SRO505", "", "22 July 1565–22 July 1566."
"SRO506", "", "22 July 1565–22 July 1566."
"SRO507", "", "22 July 1565–22 July 1566."
"SRO508", "", "22 July 1565–22 July 1566."
"SRO509", "", "22 July 1565–22 July 1566."
"SRO510", "", "22 July 1565–22 July 1566."
"SRO511", "", "22 July 1565–22 July 1566."
"SRO512", "", "22 July 1565–22 July 1566."
"SRO513", "", "22 July 1565–22 July 1566."
"SRO514", "", "22 July 1565–22 July 1566."
"SRO515", "", "22 July 1565–22 July 1566."
"SRO516", "", "22 July 1565–22 July 1566."
"SRO517", "", "22 July 1565–22 July 1566."
"SRO518", "", "22 July 1565–22 July 1566."
"SRO519", "", "22 July 1565–22 July 1566."
"SRO520", "", "22 July 1565–22 July 1566."
"SRO521", "", "22 July 1565–22 July 1566."
"SRO522", "", "22 July 1565–22 July 1566."
"SRO523", "", "22 July 1565–22 July 1566."
"SRO524", "", "22 July 1565–22 July 1566."
"SRO525", "", "22 July 1565–22 July 1566."
"SRO526", "", "22 July 1565–22 July 1566."
"SRO527", "", "22 July 1565–22 July 1566."
"SRO528", "", "22 July 1565–22 July 1566."
"SRO529", "", "22 July 1565–22 July 1566."
"SRO530", "", "22 July 1565–22 July 1566."
"SRO531", "", "22 July 1565–22 July 1566."
"SRO532", "", "22 July 1565–22 July 1566."
"SRO533", "", "22 July 1565–22 July 1566."
"SRO534", "", "22 July 1565–22 July 1566."
"SRO535", "", "22 July 1565–22 July 1566."
"SRO536", "", "22 July 1565–22 July 1566."
"SRO537", "", "22 July 1565–22 July 1566."
"SRO538", "", "22 July 1565–22 July 1566."
"SRO539", "", "22 July 1565–22 July 1566."
"SRO540", "", "22 July 1565–22 July 1566."
"SRO541", "", "22 July 1565–22 July 1566."
"SRO542", "", "22 July 1565–22 July 1566."
"SRO543", "", "22 July 1565–22 July 1566."
"SRO544", "", "22 July 1565–22 July 1566."
"SRO545", "", "22 July 1565–22 July 1566."
"SRO546", "", "22 July 1565–22 July 1566."
"SRO547", "", "22 July 1565–22 July 1566."
"SRO548", "", "22 July 1565–22 July 1566."
"SRO549", "", "22 July 1565–22 July 1566."
"SRO550", "", "22 July 1565–22 July 1566."
"SRO551", "", "22 July 1565–22 July 1566."
"SRO552", "", "22 July 1565–22 July 1566."
"SRO553", "", "22 July 1565–22 July 1566."
"SRO554", "", "22 July 1565–22 July 1566."
"SRO555", "", "22 July 1565–22 July 1566."
"SRO556", "", "22 July 1565–22 July 1566."
"SRO557", "", "22 July 1565–22 July 1566."
"SRO558", "", "22 July 1565–22 July 1566."
"SRO559", "", "22 July 1565–22 July 1566."
"SRO560", "", "22 July 1565–22 July 1566."
"SRO561", "", "22 July 1565–22 July 1566."
"SRO562", "", "22 July 1565–22 July 1566."
"SRO563", "", "22 July 1565–22 July 1566."
"SRO564", "", "22 July 1565–22 July 1566."
"SRO565", "", "22 July 1565–22 July 1566."
"SRO566", "", "22 July 1565–22 July 1566."
"SRO567", "", "22 July 1565–22 July 1566."
"SRO568", "", "22 July 1565–22 July 1566."
"SRO569", "", "22 July 1565–22 July 1566."
"SRO570", "", "22 July 1565–22 July 1566."
"SRO571", "", "22 July 1565–22 July 1566."
"SRO572", "", "22 July 1565–22 July 1566."
"SRO573", "", "22 July 1565–22 July 1566."
"SRO574", "", "22 July 1565–22 July 1566."
"SRO575", "", "22 July 1565–22 July 1566."
"SRO576", "", "22 July 1565–22 July 1566."
"SRO577", "", "22 July 1565–22 July 1566."
"SRO578", "", "22 July 1565–22 July 1566."
"SRO579", "", "22 July 1565–22 July 1566."
"SRO580", "", "22 July 1565–22 July 1566."
"SRO581", "", "22 July 1565–22 July 1566."
"SRO582", "", "22 July 1565–22 July 1566."
"SRO583", "", "22 July 1565–22 July 1566."
"SRO584", "", "22 July 1565–22 July 1566."
"SRO585", "", "22 July 1565–22 July 1566."
"SRO586", "", "22 July 1565–22 July 1566."
"SRO587", "", "22 July 1565–22 July 1566."
"SRO588", "", "22 July 1565–22 July 1566."
"SRO589", "", "22 July 1565–22 July 1566."
"SRO590", "", "22 July 1565–22 July 1566."
"SRO591", "", "22 July 1565–22 July 1566."
"SRO592", "", "22 July 1565–22 July 1566."
"SRO593", "", "22 July 1565–22 July 1566."
"SRO594", "", "22 July 1566–22 July 1567."
"SRO595", "", "22 July 1566–22 July 1567."
"SRO596", "", "22 July 1566–22 July 1567."
"SRO597", "", "22 July 1566–22 July 1567."
"SRO598", "", "22 July 1566–22 July 1567."
"SRO599", "", "22 July 1566–22 July 1567."
"SRO600", "", "22 July 1566–22 July 1567."
"SRO601", "", "22 July 1566–22 July 1567."
"SRO602", "", "22 July 1566–22 July 1567."
"SRO603", "", "22 July 1566–22 July 1567."
"SRO604", "", "22 July 1566–22 July 1567."
"SRO605", "", "22 July 1566–22 July 1567."
"SRO606", "", "22 July 1566–22 July 1567."
"SRO607", "", "22 July 1566–22 July 1567."
"SRO608", "", "22 July 1566–22 July 1567."
"SRO609", "", "22 July 1566–22 July 1567."
"SRO610", "", "22 July 1566–22 July 1567."
"SRO611", "", "22 July 1566–22 July 1567."
"SRO612", "", "22 July 1566–22 July 1567."
"SRO613", "", "22 July 1566–22 July 1567."
"SRO614", "", "22 July 1566–22 July 1567."
"SRO615", "", "22 July 1566–22 July 1567."
"SRO616", "", "22 July 1566–22 July 1567."
"SRO617", "", "22 July 1566–22 July 1567."
"SRO618", "", "22 July 1566–22 July 1567."
"SRO619", "", "22 July 1566–22 July 1567."
"SRO620", "", "22 July 1566–22 July 1567."
"SRO621", "", "22 July 1566–22 July 1567."
"SRO622", "", "22 July 1566–22 July 1567."
"SRO623", "", "22 July 1566–22 July 1567."
"SRO624", "", "22 July 1566–22 July 1567."
"SRO625", "", "22 July 1566–22 July 1567."
"SRO626", "", "22 July 1566–22 July 1567."
"SRO627", "", "22 July 1566–22 July 1567."
"SRO628", "", "22 July 1566–22 July 1567."
"SRO629", "", "22 July 1566–22 July 1567."
"SRO630", "", "22 July 1566–22 July 1567."
"SRO631", "", "22 July 1566–22 July 1567."
"SRO632", "", "22 July 1566–22 July 1567."
"SRO633", "", "22 July 1566–22 July 1567."
"SRO634", "", "22 July 1566–22 July 1567."
"SRO635", "", "22 July 1566–22 July 1567."
"SRO636", "", "22 July 1566–22 July 1567."
"SRO637", "", "22 July 1566–22 July 1567."
"SRO638", "", "22 July 1566–22 July 1567."
"SRO639", "", "22 July 1566–22 July 1567."
"SRO640", "", "22 July 1566–22 July 1567."
"SRO641", "", "22 July 1566–22 July 1567."
"SRO642", "", "22 July 1566–22 July 1567."
"SRO643", "", "22 July 1566–22 July 1567."
"SRO644", "", "22 July 1566–22 July 1567."
"SRO645", "", "22 July 1566–22 July 1567."
"SRO646", "", "22 July 1566–22 July 1567."
"SRO647", "", "22 July 1566–22 July 1567."
"SRO648", "", "22 July 1566–22 July 1567."
"SRO649", "", "22 July 1566–22 July 1567."
"SRO650", "", "22 July 1566–22 July 1567."
"SRO651", "", "22 July 1566–22 July 1567."
"SRO652", "", "22 July 1566–22 July 1567."
"SRO653", "", "22 July 1566–22 July 1567."
"SRO654", "", "22 July 1566–22 July 1567."
"SRO655", "", "22 July 1566–22 July 1567."
"SRO656", "", "22 July 1566–22 July 1567."
"SRO657", "", "22 July 1566–22 July 1567."
"SRO658", "", "22 July 1566–22 July 1567."
"SRO659", "", "22 July 1566–22 July 1567."
"SRO660", "", "22 July 1566–22 July 1567."
"SRO661", "", "22 July 1566–22 July 1567."
"SRO662", "", "22 July 1566–22 July 1567."
"SRO663", "", "22 July 1566–22 July 1567."
"SRO664", "", "22 July 1566–22 July 1567."
"SRO665", "", "22 July 1566–22 July 1567."
"SRO666", "", "22 July 1566–22 July 1567."
"SRO667", "", "22 July 1566–22 July 1567."
"SRO668", "", "22 July 1566–22 July 1567."
"SRO669", "", "22 July 1566–22 July 1567."
"SRO670", "", "22 July 1566–22 July 1567."
"SRO671", "", "22 July 1566–22 July 1567."
"SRO672", "", "22 July 1566–22 July 1567."
"SRO673", "", "22 July 1566–22 July 1567."
"SRO674", "", "22 July 1566–22 July 1567."
"SRO675", "", "22 July 1566–22 July 1567."
"SRO676", "", "22 July 1566–22 July 1567."
"SRO677", "", "22 July 1566–22 July 1567."
"SRO678", "", "22 July 1566–22 July 1567."
"SRO679", "", "22 July 1566–22 July 1567."
"SRO680", "", "22 July 1566–22 July 1567."
"SRO681", "", "22 July 1566–22 July 1567."
"SRO682", "", "22 July 1566–22 July 1567."
"SRO683", "", "22 July 1566–22 July 1567."
"SRO684", "", "22 July 1566–22 July 1567."
"SRO685", "", "22 July 1566–22 July 1567."
"SRO686", "", "22 July 1566–22 July 1567."
"SRO687", "", "22 July 1566–22 July 1567."
"SRO688", "", "22 July 1566–22 July 1567."
"SRO689", "", "22 July 1566–22 July 1567."
"SRO690", "", "22 July 1566–22 July 1567."
"SRO691", "", "22 July 1566–22 July 1567."
"SRO692", "", "22 July 1566–22 July 1567."
"SRO693", "", "22 July 1566–22 July 1567."
"SRO694", "", "22 July 1566–22 July 1567."
"SRO695", "", "22 July 1566–22 July 1567."
"SRO696", "", "22 July 1566–22 July 1567."
"SRO697", "", "22 July 1566–22 July 1567."
"SRO698", "", "22 July 1566–22 July 1567."
"SRO699", "", "22 July 1566–22 July 1567."
"SRO700", "", "22 July 1566–22 July 1567."
"SRO701", "", "22 July 1566–22 July 1567."
"SRO702", "", "22 July 1566–22 July 1567."
"SRO703", "", "22 July 1566–22 July 1567."
"SRO704", "", "22 July 1566–22 July 1567."
"SRO705", "", "22 July 1566–22 July 1567."
"SRO706", "", "22 July 1566–22 July 1567."
"SRO707", "", "22 July 1566–22 July 1567."
"SRO708", "", "22 July 1566–22 July 1567."
"SRO709", "", "22 July 1566–22 July 1567."
"SRO710", "", "22 July 1566–22 July 1567."
"SRO711", "", "22 July 1566–22 July 1567."
"SRO712", "", "22 July 1566–22 July 1567."
"SRO713", "", "22 July 1566–22 July 1567."
"SRO714", "", "22 July 1566–22 July 1567."
"SRO715", "", "22 July 1566–22 July 1567."
"SRO716", "", "22 July 1566–22 July 1567."
"SRO717", "", "22 July 1566–22 July 1567."
"SRO718", "", "22 July 1566–22 July 1567."
"SRO719", "", "22 July 1566–22 July 1567."
"SRO720", "", "22 July 1566–22 July 1567."
"SRO721", "", "22 July 1566–22 July 1567."
"SRO722", "", "22 July 1566–22 July 1567."
"SRO723", "", "22 July 1566–22 July 1567."
"SRO724", "", "22 July 1566–22 July 1567."
"SRO725", "", "22 July 1566–22 July 1567."
"SRO726", "", "22 July 1566–22 July 1567."
"SRO727", "", "22 July 1566–22 July 1567."
"SRO728", "", "22 July 1566–22 July 1567."
"SRO729", "", "22 July 1566–22 July 1567."
"SRO730", "", "22 July 1566–22 July 1567."
"SRO731", "", "22 July 1566–22 July 1567."
"SRO732", "", "22 July 1566–22 July 1567."
"SRO733", "", "22 July 1566–22 July 1567."
"SRO734", "", "22 July 1567–22 July 1568."
"SRO735", "", "22 July 1567–22 July 1568."
"SRO736", "", "22 July 1567–22 July 1568."
"SRO737", "", "22 July 1567–22 July 1568."
"SRO738", "", "22 July 1567–22 July 1568."
"SRO739", "", "22 July 1567–22 July 1568."
"SRO740", "", "22 July 1567–22 July 1568."
"SRO741", "", "22 July 1567–22 July 1568."
"SRO742", "", "22 July 1567–22 July 1568."
"SRO743", "", "22 July 1567–22 July 1568"
"SRO744", "", "22 July 1567–22 July 1568"
"SRO745", "", "22 July 1567–22 July 1568"
"SRO746", "", "22 July 1567–22 July 1568"
"SRO747", "", "22 July 1567–22 July 1568"
"SRO748", "", "22 July 1567–22 July 1568"
"SRO749", "", "22 July 1567–22 July 1568"
"SRO750", "", "22 July 1567–22 July 1568"
"SRO751", "", "22 July 1567–22 July 1568"
"SRO752", "", "22 July 1567–22 July 1568"
"SRO753", "", "22 July 1566–22 July 1568."
"SRO754", "", "22 July 1566–22 July 1568."
"SRO755", "", "22 July 1566–22 July 1568."
"SRO756", "", "22 July 1566–22 July 1568."
"SRO757", "", "22 July 1566–22 July 1568."
"SRO758", "", "22 July 1566–22 July 1568."
"SRO759", "", "22 July 1566–22 July 1568."
"SRO760", "", "22 July 1566–22 July 1568."
"SRO761", "", "22 July 1566–22 July 1568."
"SRO762", "", "22 July 1566–22 July 1568."
"SRO763", "", "22 July 1566–22 July 1568."
"SRO764", "", "22 July 1567–22 July 1568"
"SRO765", "", "22 July 1567–22 July 1568"
"SRO766", "", "22 July 1567–22 July 1568"
"SRO767", "", "22 July 1567–22 July 1568"
"SRO768", "", "22 July 1567–22 July 1568"
"SRO769", "", "22 July 1567–22 July 1568"
"SRO770", "", "22 July 1567–22 July 1568"
"SRO771", "", "22 July 1567–22 July 1568"
"SRO772", "", "22 July 1567–22 July 1568"
"SRO773", "", "22 July 1567–22 July 1568"
"SRO774", "", "22 July 1566–22 July 1568."
"SRO775", "", "22 July 1566–22 July 1568."
"SRO776", "", "22 July 1566–22 July 1568."
"SRO777", "", "22 July 1566–22 July 1568."
"SRO778", "", "22 July 1566–22 July 1568."
"SRO779", "", "22 July 1566–22 July 1568."
"SRO780", "", "22 July 1566–22 July 1568."
"SRO781", "", "22 July 1566–22 July 1568."
"SRO782", "", "22 July 1566–22 July 1568."
"SRO783", "", "22 July 1566–22 July 1568."
"SRO784", "", "22 July 1567–22 July 1568"
"SRO785", "", "22 July 1567–22 July 1568"
"SRO786", "", "22 July 1567–22 July 1568"
"SRO787", "", "22 July 1567–22 July 1568"
"SRO788", "", "22 July 1567–22 July 1568"
"SRO789", "", "22 July 1567–22 July 1568"
"SRO790", "", "22 July 1567–22 July 1568"
"SRO791", "", "22 July 1567–22 July 1568"
"SRO792", "", "22 July 1567–22 July 1568"
"SRO793", "", "22 July 1567–22 July 1568"
"SRO794", "", "22 July 1567–22 July 1568"
"SRO795", "", "22 July 1566–22 July 1568."
"SRO796", "", "22 July 1566–22 July 1568."
"SRO797", "", "22 July 1566–22 July 1568."
"SRO798", "", "22 July 1566–22 July 1568."
"SRO799", "", "22 July 1566–22 July 1568."
"SRO800", "", "22 July 1566–22 July 1568."
"SRO801", "", "22 July 1566–22 July 1568."
"SRO802", "", "22 July 1566–22 July 1568."
"SRO803", "", "22 July 1566–22 July 1568."
"SRO804", "", "22 July 1566–22 July 1568."
"SRO805", "", "22 July 1567–22 July 1568"
"SRO806", "", "22 July 1567–22 July 1568"
"SRO807", "", "22 July 1567–22 July 1568"
"SRO808", "", "22 July 1567–22 July 1568"
"SRO809", "", "22 July 1567–22 July 1568"
"SRO810", "", "22 July 1567–22 July 1568"
"SRO811", "", "22 July 1567–22 July 1568"
"SRO812", "", "22 July 1567–22 July 1568"
"SRO813", "", "22 July 1567–22 July 1568"
"SRO814", "", "22 July 1567–22 July 1568"
"SRO815", "", "22 July 1567–22 July 1568"
"SRO816", "", "22 July 1566–22 July 1568."
"SRO817", "", "22 July 1566–22 July 1568."
"SRO818", "", "22 July 1566–22 July 1568."
"SRO819", "", "22 July 1566–22 July 1568."
"SRO820", "", "22 July 1566–22 July 1568."
"SRO821", "", "22 July 1566–22 July 1568."
"SRO822", "", "22 July 1566–22 July 1568."
"SRO823", "", "22 July 1566–22 July 1568."
"SRO824", "", "22 July 1566–22 July 1568."
"SRO825", "", "22 July 1566–22 July 1568."
"SRO826", "", "22 July 1567–22 July 1568"
"SRO827", "", "22 July 1567–22 July 1568"
"SRO828", "", "22 July 1567–22 July 1568"
"SRO829", "", "22 July 1567–22 July 1568"
"SRO830", "", "22 July 1567–22 July 1568"
"SRO831", "", "22 July 1567–22 July 1568"
"SRO832", "", "22 July 1567–22 July 1568"
"SRO833", "", "22 July 1567–22 July 1568"
"SRO834", "", "22 July 1567–22 July 1568"
"SRO835", "", "22 July 1567–22 July 1568"
"SRO836", "", "22 July 1566–22 July 1568."
"SRO837", "", "22 July 1566–22 July 1568."
"SRO838", "", "22 July 1566–22 July 1568."
"SRO839", "", "22 July 1566–22 July 1568."
"SRO840", "", "22 July 1566–22 July 1568."
"SRO841", "", "22 July 1566–22 July 1568."
"SRO842", "", "22 July 1566–22 July 1568."
"SRO843", "", "22 July 1566–22 July 1568."
"SRO844", "", "22 July 1568–22 July 1569."
"SRO845", "", "22 July 1568–22 July 1569."
"SRO846", "", "22 July 1568–22 July 1569."
"SRO847", "", "22 July 1568–22 July 1569."
"SRO848", "", "22 July 1568–22 July 1569."
"SRO849", "", "22 July 1568–22 July 1569."
"SRO850", "", "22 July 1568–22 July 1569."
"SRO851", "", "22 July 1568–22 July 1569."
"SRO852", "", "22 July 1568–22 July 1569."
"SRO853", "", "22 July 1568–22 July 1569."
"SRO854", "", "22 July 1568–22 July 1569."
"SRO855", "", "22 July 1568–22 July 1569."
"SRO856", "", "22 July 1568–22 July 1569."
"SRO857", "", "22 July 1568–22 July 1569."
"SRO858", "", "22 July 1568–22 July 1569."
"SRO859", "", "22 July 1568–22 July 1569."
"SRO860", "", "22 July 1568–22 July 1569."
"SRO861", "", "22 July 1568–22 July 1569."
"SRO862", "", "22 July 1568–22 July 1569."
"SRO863", "", "22 July 1568–22 July 1569."
"SRO864", "", "22 July 1568–22 July 1569."
"SRO865", "", "22 July 1568–22 July 1569."
"SRO866", "", "22 July 1568–22 July 1569."
"SRO867", "", "22 July 1568–22 July 1569."
"SRO868", "", "22 July 1568–22 July 1569."
"SRO869", "", "22 July 1568–22 July 1569."
"SRO870", "", "22 July 1568–22 July 1569."
"SRO871", "", "22 July 1568–22 July 1569."
"SRO872", "", "22 July 1568–22 July 1569."
"SRO873", "", "22 July 1568–22 July 1569."
"SRO874", "", "22 July 1568–22 July 1569."
"SRO875", "", "22 July 1568–22 July 1569."
"SRO876", "", "22 July 1568–22 July 1569."
"SRO877", "", "22 July 1568–22 July 1569."
"SRO878", "", "22 July 1568–22 July 1569."
"SRO879", "", "22 July 1568–22 July 1569."
"SRO880", "", "22 July 1568–22 July 1569."
"SRO881", "", "22 July 1568–22 July 1569."
"SRO882", "", "22 July 1568–22 July 1569."
"SRO883", "", "22 July 1568–22 July 1569."
"SRO884", "", "22 July 1568–22 July 1569."
"SRO885", "", "22 July 1568–22 July 1569."
"SRO886", "", "22 July 1568–22 July 1569."
"SRO887", "", "22 July 1568–22 July 1569."
"SRO888", "", "22 July 1568–22 July 1569."
"SRO889", "", "22 July 1568–22 July 1569."
"SRO890", "", "22 July 1568–22 July 1569."
"SRO891", "", "22 July 1568–22 July 1569."
"SRO892", "", "22 July 1568–22 July 1569."
"SRO893", "", "22 July 1568–22 July 1569."
"SRO894", "", "22 July 1568–22 July 1569."
"SRO895", "", "22 July 1568–22 July 1569."
"SRO896", "", "22 July 1568–22 July 1569."
"SRO897", "", "22 July 1568–22 July 1569."
"SRO898", "", "22 July 1568–22 July 1569."
"SRO899", "", "22 July 1568–22 July 1569."
"SRO900", "", "22 July 1568–22 July 1569."
"SRO901", "", "22 July 1568–22 July 1569."
"SRO902", "", "22 July 1568–22 July 1569."
"SRO903", "", "22 July 1568–22 July 1569."
"SRO904", "", "22 July 1568–22 July 1569."
"SRO905", "", "22 July 1568–22 July 1569."
"SRO906", "", "22 July 1568–22 July 1569."
"SRO907", "", "22 July 1568–22 July 1569."
"SRO908", "", "22 July 1568–22 July 1569."
"SRO909", "", "22 July 1568–22 July 1569."
"SRO910", "", "22 July 1568–22 July 1569."
"SRO911", "", "22 July 1568–22 July 1569."
"SRO912", "", "22 July 1568–22 July 1569."
"SRO913", "", "22 July 1568–22 July 1569."
"SRO914", "", "22 July 1568–22 July 1569."
"SRO915", "", "22 July 1568–22 July 1569."
"SRO916", "", "22 July 1568–22 July 1569."
"SRO917", "", "22 July 1568–22 July 1569."
"SRO918", "", "22 July 1568–22 July 1569."
"SRO919", "", "22 July 1568–22 July 1569."
"SRO920", "", "22 July 1568–22 July 1569."
"SRO921", "", "22 July 1568–22 July 1569."
"SRO922", "", "22 July 1568–22 July 1569."
"SRO923", "", "22 July 1568–22 July 1569."
"SRO924", "", "22 July 1568–22 July 1569."
"SRO925", "", "22 July 1568–22 July 1569."
"SRO926", "", "22 July 1568–22 July 1569."
"SRO927", "", "22 July 1568–22 July 1569."
"SRO928", "", "22 July 1568–22 July 1569."
"SRO929", "", "22 July 1568–22 July 1569."
"SRO930", "", "22 July 1568–22 July 1569."
"SRO931", "", "22 July 1568–22 July 1569."
"SRO932", "", "22 July 1568–22 July 1569."
"SRO933", "", "22 July 1568–22 July 1569."
"SRO934", "", "22 July 1568–22 July 1569."
"SRO935", "", "22 July 1568–22 July 1569."
"SRO936", "", "22 July 1568–22 July 1569."
"SRO937", "", "22 July 1568–22 July 1569."
"SRO938", "", "22 July 1568–22 July 1569."
"SRO939", "", "22 July 1568–22 July 1569."
"SRO940", "", "22 July 1568–22 July 1569."
"SRO941", "", "22 July 1568–22 July 1569."
"SRO942", "", "22 July 1568–22 July 1569."
"SRO943", "", "22 July 1568–22 July 1569."
"SRO944", "", "22 July 1568–22 July 1569."
"SRO945", "", "22 July 1568–22 July 1569."
"SRO946", "", "22 July 1568–22 July 1569."
"SRO947", "", "22 July 1568–22 July 1569."
"SRO948", "", "22 July 1568–22 July 1569."
"SRO949", "", "22 July 1568–22 July 1569."
"SRO950", "", "22 July 1568–22 July 1569."
"SRO951", "", "22 July 1568–22 July 1569."
"SRO952", "", "22 July 1568–22 July 1569."
"SRO953", "", "22 July 1568–22 July 1569."
"SRO954", "", "22 July 1568–22 July 1569."
"SRO955", "", "22 July 1568–22 July 1569."
"SRO956", "", "22 July 1568–22 July 1569."
"SRO957", "", "22 July 1568–22 July 1569."
"SRO958", "", "22 July 1568–22 July 1569."
"SRO959", "", "22 July 1568–22 July 1569."
"SRO960", "", "22 July 1568–22 July 1569."
"SRO961", "", "22 July 1568–22 July 1569."
"SRO962", "", "22 July 1568–22 July 1569."
"SRO963", "", "22 July 1568–22 July 1569."
"SRO964", "", "22 July 1568–22 July 1569."
"SRO965", "", "22 July 1568–22 July 1569."
"SRO966", "", "22 July 1568–22 July 1569."
"SRO967", "", "22 July 1568–22 July 1569."
"SRO968", "", "22 July 1568–22 July 1569."
"SRO969", "", "22 July 1568–22 July 1569."
"SRO970", "", "22 July 1569–22 July 1570."
"SRO971", "", "22 July 1569–22 July 1570."
"SRO972", "", "22 July 1569–22 July 1570."
"SRO973", "", "22 July 1569–22 July 1570."
"SRO974", "", "22 July 1569–22 July 1570."
"SRO975", "", "22 July 1569–22 July 1570."
"SRO976", "", "22 July 1569–22 July 1570."
"SRO977", "", "22 July 1569–22 July 1570."
"SRO978", "", "22 July 1569–22 July 1570."
"SRO979", "", "22 July 1569–22 July 1570."
"SRO980", "", "22 July 1569–22 July 1570."
"SRO981", "", "22 July 1569–22 July 1570."
"SRO982", "", "22 July 1569–22 July 1570."
"SRO983", "", "22 July 1569–22 July 1570."
"SRO984", "", "22 July 1569–22 July 1570."
"SRO985", "", "22 July 1569–22 July 1570."
"SRO986", "", "22 July 1569–22 July 1570."
"SRO987", "", "22 July 1569–22 July 1570."
"SRO988", "", "22 July 1569–22 July 1570."
"SRO989", "", "22 July 1569–22 July 1570."
"SRO990", "", "22 July 1569–22 July 1570."
"SRO991", "", "22 July 1569–22 July 1570."
"SRO992", "", "22 July 1569–22 July 1570."
"SRO993", "", "22 July 1569–22 July 1570."
"SRO994", "", "22 July 1569–22 July 1570."
"SRO995", "", "22 July 1569–22 July 1570."
"SRO996", "", "22 July 1569–22 July 1570."
"SRO997", "", "22 July 1569–22 July 1570."
"SRO998", "", "22 July 1569–22 July 1570."
"SRO999", "", "22 July 1569–22 July 1570."
"SRO1000", "", "22 July 1569–22 July 1570."
"SRO1001", "", "22 July 1569–22 July 1570."
"SRO1002", "", "22 July 1569–22 July 1570."
"SRO1003", "", "22 July 1569–22 July 1570."
"SRO1004", "", "22 July 1569–22 July 1570."
"SRO1005", "", "22 July 1569–22 July 1570."
"SRO1006", "", "22 July 1569–22 July 1570."
"SRO1007", "", "22 July 1569–22 July 1570."
"SRO1008", "", "22 July 1569–22 July 1570."
"SRO1009", "", "22 July 1569–22 July 1570."
"SRO1010", "", "22 July 1569–22 July 1570."
"SRO1011", "", "22 July 1569–22 July 1570."
"SRO1012", "", "22 July 1569–22 July 1570."
"SRO1013", "", "22 July 1569–22 July 1570."
"SRO1014", "", "22 July 1569–22 July 1570."
"SRO1015", "", "22 July 1569–22 July 1570."
"SRO1016", "", "22 July 1569–22 July 1570."
"SRO1017", "", "22 July 1569–22 July 1570."
"SRO1018", "", "22 July 1569–22 July 1570."
"SRO1019", "", "22 July 1569–22 July 1570."
"SRO1020", "", "22 July 1569–22 July 1570."
"SRO1021", "", "22 July 1569–22 July 1570."
"SRO1022", "", "22 July 1569–22 July 1570."
"SRO1023", "", "22 July 1569–22 July 1570."
"SRO1024", "", "22 July 1569–22 July 1570."
"SRO1025", "", "22 July 1569–22 July 1570."
"SRO1026", "", "22 July 1569–22 July 1570."
"SRO1027", "", "22 July 1569–22 July 1570."
"SRO1028", "", "22 July 1569–22 July 1570."
"SRO1029", "", "22 July 1569–22 July 1570."
"SRO1030", "", "22 July 1569–22 July 1570."
"SRO1031", "", "22 July 1569–22 July 1570."
"SRO1032", "", "22 July 1569–22 July 1570."
"SRO1033", "", "22 July 1569–22 July 1570."
"SRO1034", "", "22 July 1569–22 July 1570."
"SRO1035", "", "22 July 1569–22 July 1570."
"SRO1036", "", "22 July 1569–22 July 1570."
"SRO1037", "", "22 July 1569–22 July 1570."
"SRO1038", "", "22 July 1569–22 July 1570."
"SRO1039", "", "22 July 1569–22 July 1570."
"SRO1040", "", "22 July 1569–22 July 1570."
"SRO1041", "", "22 July 1569–22 July 1570."
"SRO1042", "", "22 July 1569–22 July 1570."
"SRO1043", "", "22 July 1569–22 July 1570."
"SRO1044", "", "22 July 1569–22 July 1570."
"SRO1045", "", "22 July 1569–22 July 1570."
"SRO1046", "", "22 July 1569–22 July 1570."
"SRO1047", "", "22 July 1569–22 July 1570."
"SRO1048", "", "22 July 1569–22 July 1570."
"SRO1049", "", "22 July 1569–22 July 1570."
"SRO1050", "", "22 July 1569–22 July 1570."
"SRO1051", "", "22 July 1569–22 July 1570."
"SRO1052", "", "22 July 1569–22 July 1570."
"SRO1053", "", "22 July 1569–22 July 1570."
"SRO1054", "", "22 July 1569–22 July 1570."
"SRO1055", "", "22 July 1569–22 July 1570."
"SRO1056", "", "22 July 1569–22 July 1570."
"SRO1057", "", "22 July 1569–22 July 1570."
"SRO1058", "", "22 July 1569–22 July 1570."
"SRO1059", "", "22 July 1569–22 July 1570."
"SRO1060", "", "22 July 1569–22 July 1570."
"SRO1061", "", "22 July 1569–22 July 1570."
"SRO1062", "", "22 July 1569–22 July 1570."
"SRO1063", "", "22 July 1569–22 July 1570."
"SRO1064", "", "22 July 1569–22 July 1570."
"SRO1065", "", "22 July 1569–22 July 1570."
"SRO1066", "", "22 July 1569–22 July 1570."
"SRO1067", "", "22 July 1569–22 July 1570."
"SRO1068", "", "22 July 1569–22 July 1570."
"SRO1069", "", "22 July 1569–22 July 1570."
"SRO1070", "", "22 July 1569–22 July 1570."
"SRO1071", "", "22 July 1569–22 July 1570."
"SRO1072", "", "22 July 1569–22 July 1570."
"SRO1073", "", "22 July 1569–22 July 1570."
"SRO1074", "", "22 July 1569–22 July 1570."
"SRO1075", "", "22 July 1569–22 July 1570."
"SRO1076", "", "22 July 1569–22 July 1570."
"SRO1077", "", "22 July 1569–22 July 1570."
"SRO1078", "", "22 July 1569–22 July 1570."
"SRO1079", "", "22 July 1569–22 July 1570."
"SRO1080", "", "22 July 1569–22 July 1570."
"SRO1081", "", "22 July 1569–22 July 1570."
"SRO1082", "", "22 July 1569–22 July 1570."
"SRO1083", "", "22 July 1569–22 July 1570."
"SRO1084", "", "22 July 1569–22 July 1570."
"SRO1085", "", "22 July 1569–22 July 1570."
"SRO1086", "", "22 July 1569–22 July 1570."
"SRO1087", "", "22 July 1569–22 July 1570."
"SRO1088", "", "22 July 1569–22 July 1570."
"SRO1089", "", "22 July 1569–22 July 1570."
"SRO1090", "", "22 July 1569–22 July 1570."
"SRO1091", "", "22 July 1569–22 July 1570."
"SRO1092", "", "22 July 1569–22 July 1570."
"SRO1093", "", "22 July 1569–22 July 1570."
"SRO1094", "", "22 July 1569–22 July 1570."
"SRO1095", "", "22 July 1569–22 July 1570."
"SRO1096", "", "22 July 1569–22 July 1570."
"SRO1097", "", "22 July 1569–22 July 1570."
"SRO1098", "", "22 July 1569–22 July 1570."
"SRO1099", "", "22 July 1569–22 July 1570."
"SRO1100", "", "22 July 1569–22 July 1570."
"SRO1101", "", "22 July 1569–22 July 1570."
"SRO1102", "", "22 July 1569–22 July 1570."
"SRO1103", "", "22 July 1569–22 July 1570."
"SRO1104", "", "22 July 1569–22 July 1570."
"SRO1105", "", "22 July 1569–22 July 1570."
"SRO1106", "", "22 July 1569–22 July 1570."
"SRO1107", "", "22 July 1569–22 July 1570."
"SRO1108", "", "22 July 1569–22 July 1570."
"SRO1109", "", "22 July 1569–22 July 1570."
"SRO1110", "", "22 July 1569–22 July 1570."
"SRO1111", "", "22 July 1569–22 July 1570."
"SRO1112", "", "22 July 1569–22 July 1570."
"SRO1113", "", "22 July 1569–22 July 1570."
"SRO1114", "", "22 July 1569–22 July 1570."
"SRO1115", "", "22 July 1569–22 July 1570."
"SRO1116", "", "22 July 1569–22 July 1570."
"SRO1117", "", "22 July 1569–22 July 1570."
"SRO1118", "", "22 July 1569–22 July 1570."
"SRO1119", "", "22 July 1569–22 July 1570."
"SRO1120", "", "22 July 1569–22 July 1570."
"SRO1121", "", "22 July 1569–22 July 1570."
"SRO1122", "", "22 July 1569–22 July 1570."
"SRO1123", "", "22 July 1569–22 July 1570."
"SRO1124", "", "22 July 1569–22 July 1570."
"SRO1125", "", "22 July 1569–22 July 1570."
"SRO1126", "", "22 July 1569–22 July 1570."
"SRO1127", "", "22 July 1569–22 July 1570."
"SRO1128", "", "22 July 1569–22 July 1570."
"SRO1129", "", "22 July 1569–22 July 1570."
"SRO1130", "", "22 July 1569–22 July 1570."
"SRO1131", "", "22 July 1569–22 July 1570."
"SRO1132", "", "22 July 1569–22 July 1570."
"SRO1133", "", "22 July 1569–22 July 1570."
"SRO1134", "", "22 July 1569–22 July 1570."
"SRO1135", "", "22 July 1569–22 July 1570."
"SRO1136", "", "22 July 1569–22 July 1570."
"SRO1137", "", "22 July 1569–22 July 1570."
"SRO1138", "", "22 July 1569–22 July 1570."
"SRO1139", "", "22 July 1569–22 July 1570."
"SRO1140", "", "22 July 1569–22 July 1570."
"SRO1141", "", "22 July 1569–22 July 1570."
"SRO1142", "", "22 July 1569–22 July 1570."
"SRO1143", "", "22 July 1569–22 July 1570."
"SRO1144", "", "22 July 1569–22 July 1570."
"SRO1145", "", "22 July 1569–22 July 1570."
"SRO1146", "", "22 July 1569–22 July 1570."
"SRO1147", "", "22 July 1569–22 July 1570."
"SRO1148", "", "22 July 1569–22 July 1570."
"SRO1149", "", "22 July 1569–22 July 1570."
"SRO1150", "", "22 July 1569–22 July 1570."
"SRO1151", "", "22 July 1569–22 July 1570."
"SRO1152", "", "22 July 1569–22 July 1570."
"SRO1153", "", "22 July 1569–22 July 1570."
"SRO1154", "", "22 July 1569–22 July 1570."
"SRO1155", "", "22 July 1569–22 July 1570."
"SRO1156", "", "22 July 1569–22 July 1570."
"SRO1157", "", "22 July 1569–22 July 1570."
"SRO1158", "", "22 July 1569–22 July 1570."
"SRO1159", "", "22 July 1569–22 July 1570."
"SRO1160", "", "22 July 1569–22 July 1570."
"SRO1161", "", "22 July 1569–22 July 1570."
"SRO1162", "", "22 July 1569–22 July 1570."
"SRO1163", "", "22 July 1569–22 July 1570."
"SRO1164", "", "22 July 1569–22 July 1570."
"SRO1165", "", "22 July 1569–22 July 1570."
"SRO1166", "", "22 July 1569–22 July 1570."
"SRO1167", "", "22 July 1569–22 July 1570."
"SRO1168", "", "22 July 1569–22 July 1570."
"SRO1169", "", "22 July 1569–22 July 1570."
"SRO1170", "", "22 July 1569–22 July 1570."
"SRO1171", "", "22 July 1569–22 July 1570."
"SRO1172", "", "22 July 1569–22 July 1570."
"SRO1173", "", "22 July 1569–22 July 1570."
"SRO1174", "", "22 July 1570–22 July 1571."
"SRO1175", "", "22 July 1570–22 July 1571."
"SRO1176", "", "22 July 1570–22 July 1571."
"SRO1177", "", "22 July 1570–22 July 1571."
"SRO1178", "", "22 July 1570–22 July 1571."
"SRO1179", "", "22 July 1570–22 July 1571."
"SRO1180", "", "22 July 1570–22 July 1571."
"SRO1181", "", "22 July 1570–22 July 1571."
"SRO1182", "", "22 July 1570–22 July 1571."
"SRO1183", "", "22 July 1570–22 July 1571."
"SRO1184", "", "22 July 1570–22 July 1571."
"SRO1185", "", "22 July 1570–22 July 1571."
"SRO1186", "", "22 July 1570–22 July 1571."
"SRO1187", "", "22 July 1570–22 July 1571."
"SRO1188", "", "22 July 1570–22 July 1571."
"SRO1189", "", "22 July 1570–22 July 1571."
"SRO1190", "", "22 July 1570–22 July 1571."
"SRO1191", "", "22 July 1570–22 July 1571."
"SRO1192", "", "22 July 1570–22 July 1571."
"SRO1193", "", "22 July 1570–22 July 1571."
"SRO1194", "", "22 July 1570–22 July 1571."
"SRO1195", "", "22 July 1570–22 July 1571."
"SRO1196", "", "22 July 1570–22 July 1571."
"SRO1197", "", "22 July 1570–22 July 1571."
"SRO1198", "", "22 July 1570–22 July 1571."
"SRO1199", "", "22 July 1570–22 July 1571."
"SRO1200", "", "22 July 1570–22 July 1571."
"SRO1201", "", "22 July 1570–22 July 1571."
"SRO1202", "", "22 July 1570–22 July 1571."
"SRO1203", "", "22 July 1570–22 July 1571."
"SRO1204", "", "22 July 1570–22 July 1571."
"SRO1205", "", "22 July 1570–22 July 1571."
"SRO1206", "", "22 July 1570–22 July 1571."
"SRO1207", "", "22 July 1570–22 July 1571."
"SRO1208", "", "22 July 1570–22 July 1571."
"SRO1209", "", "22 July 1570–22 July 1571."
"SRO1210", "", "22 July 1570–22 July 1571."
"SRO1211", "", "22 July 1570–22 July 1571."
"SRO1212", "", "22 July 1570–22 July 1571."
"SRO1213", "", "22 July 1570–22 July 1571."
"SRO1214", "", "22 July 1570–22 July 1571."
"SRO1215", "", "22 July 1570–22 July 1571."
"SRO1216", "", "22 July 1570–22 July 1571."
"SRO1217", "", "22 July 1570–22 July 1571."
"SRO1218", "", "22 July 1570–22 July 1571."
"SRO1219", "", "22 July 1570–22 July 1571."
"SRO1220", "", "22 July 1570–22 July 1571."
"SRO1221", "", "22 July 1570–22 July 1571."
"SRO1222", "", "22 July 1570–22 July 1571."
"SRO1223", "", "22 July 1570–22 July 1571."
"SRO1224", "", "22 July 1570–22 July 1571."
"SRO1225", "", "22 July 1570–22 July 1571."
"SRO1226", "", "22 July 1570–22 July 1571."
"SRO1227", "", "22 July 1570–22 July 1571."
"SRO1228", "", "22 July 1570–22 July 1571."
"SRO1229", "", "22 July 1570–22 July 1571."
"SRO1230", "", "22 July 1570–22 July 1571."
"SRO1231", "", "22 July 1570–22 July 1571."
"SRO1232", "", "22 July 1570–22 July 1571."
"SRO1233", "", "22 July 1570–22 July 1571."
"SRO1234", "", "22 July 1570–22 July 1571."
"SRO1235", "", "22 July 1570–22 July 1571."
"SRO1236", "", "22 July 1570–22 July 1571."
"SRO1237", "", "22 July 1570–22 July 1571."
"SRO1238", "", "22 July 1570–22 July 1571."
"SRO1239", "", "22 July 1570–22 July 1571."
"SRO1240", "", "22 July 1570–22 July 1571."
"SRO1241", "", "22 July 1570–22 July 1571."
"SRO1242", "", "22 July 1570–22 July 1571."
"SRO1243", "", "22 July 1570–22 July 1571."
"SRO1244", "", "22 July 1570–22 July 1571."
"SRO1245", "", "22 July 1570–22 July 1571."
"SRO1246", "", "22 July 1570–22 July 1571."
"SRO1247", "", "22 July 1570–22 July 1571."
"SRO1248", "", "22 July 1570–22 July 1571."
"SRO1249", "", "22 July 1570–22 July 1571."
"SRO1250", "", "22 July 1570–22 July 1571."
"SRO1251", "", "22 July 1570–22 July 1571."
"SRO1252", "", "22 July 1570–22 July 1571."
"SRO1253", "", "22 July 1570–22 July 1571."
"SRO1254", "", "22 July 1570–22 July 1571."
"SRO1255", "", "22 July 1570–22 July 1571."
"SRO1256", "", "22 July 1570–22 July 1571."
"SRO1257", "", "22 July 1570–22 July 1571."
"SRO1258", "", "22 July 1570–22 July 1571."
"SRO1259", "", "22 July 1570–22 July 1571."
"SRO1260", "", "22 July 1570–22 July 1571."
"SRO1261", "", "22 July 1570–22 July 1571."
"SRO1262", "", "22 July 1570–22 July 1571."
"SRO1263", "", "22 July 1570–22 July 1571."
"SRO1264", "", "22 July 1570–22 July 1571."
