"SRO ID", "@when", "@notBefore", "@notAfter", "Date"
"SRO1", "", "1557-07-19", "1557-07-09", "19 July 1557–9 July 1558."
"SRO1a", "", "1557-07-19", "1557-07-09", "19 July 1557–9 July 1558."
"SRO2", "", "1557-07-19", "1557-07-09", "19 July 1557–9 July 1558."
"SRO2a", "", "1557-07-19", "1557-07-09", "19 July 1557–9 July 1558."
"SRO2b", "", "1557-07-19", "1557-07-09", "19 July 1557–9 July 1558."
"SRO2c", "", "1557-07-19", "1557-07-09", "19 July 1557–9 July 1558."
"SRO2d", "", "1557-07-19", "1557-07-09", "19 July 1557–9 July 1558."
"SRO2e", "", "1557-07-19", "1558-07-09", "19 July 1557–9 July 1558."
"SRO4", "", "1557-07-19", "1558-07-09", "19 July 1557–9 July 1558."
"SRO4a", "", "1557-07-19", "1558-07-09", "19 July 1557–9 July 1558."
"SRO4b", "", "1557-07-19", "1558-07-09", "19 July 1557–9 July 1558."
"SRO4c", "", "1557-07-19", "1558-07-09", "19 July 1557–9 July 1558."
"SRO4d", "", "1557-07-19", "1558-07-09", "19 July 1557–9 July 1558."
"SRO4e", "", "1557-07-19", "1558-07-09", "19 July 1557–9 July 1558."
"SRO4f", "", "1557-07-19", "1558-07-09", "19 July 1557–9 July 1558."
"SRO4g", "", "1557-07-19", "1558-07-09", "19 July 1557–9 July 1558."
"SRO4h", "", "1557-07-19", "1558-07-09", "19 July 1557–9 July 1558."
"SRO4i", "", "1557-07-19", "1558-07-09", "19 July 1557–9 July 1558."
"SRO5", "", "1557-07-19", "1558-07-09", "19 July 1557–9 July 1558."
"SRO5a", "", "1557-07-19", "1558-07-09", "19 July 1557–9 July 1558."
"SRO5b", "", "1557-07-19", "1558-07-09", "19 July 1557–9 July 1558."
"SRO5c", "", "1557-07-19", "1558-07-09", "19 July 1557–9 July 1558."
"SRO5d", "", "1557-07-19", "1558-07-09", "19 July 1557–9 July 1558."
"SRO5e", "", "1557-07-19", "1558-07-09", "19 July 1557–9 July 1558."
"SRO5f", "", "1557-07-19", "1558-07-09", "19 July 1557–9 July 1558."
"SRO5g", "", "1557-07-19", "1558-07-09", "19 July 1557–9 July 1558."
"SRO5h", "", "1557-07-19", "1558-07-09", "19 July 1557–9 July 1558."
"SRO6", "", "1557-07-19", "1558-07-09", "19 July 1557–9 July 1558."
"SRO6a", "", "1557-07-19", "1558-07-09", "19 July 1557–9 July 1558."
"SRO6b", "", "1557-07-19", "1558-07-09", "19 July 1557–9 July 1558."
"SRO6c", "", "1557-07-19", "1558-07-09", "19 July 1557–9 July 1558."
"SRO6d", "", "1557-07-19", "1558-07-09", "19 July 1557–9 July 1558."
"SRO6e", "", "1557-07-19", "1558-07-09", "19 July 1557–9 July 1558."
"SRO6f", "", "1557-07-19", "1558-07-09", "19 July 1557–9 July 1558."
"SRO6g", "", "1557-07-19", "1558-07-09", "19 July 1557–9 July 1558."
"SRO7", "", "1558-07-10", "1559-07-10", "10 July 1558–10 July 1559."
"SRO7a", "", "1558-07-10", "1559-07-10", "10 July 1558–10 July 1559."
"SRO8", "", "1558-07-10", "1559-07-10", "10 July 1558–10 July 1559."
"SRO9", "", "1558-07-10", "1559-07-10", "10 July 1558–10 July 1559."
"SRO10", "", "1558-07-10", "1559-07-10", "10 July 1558–10 July 1559."
"SRO11", "", "1558-07-10", "1559-07-10", "10 July 1558–10 July 1559."
"SRO12", "", "1558-07-10", "1559-07-10", "10 July 1558–10 July 1559."
"SRO13", "", "1558-07-10", "1559-07-10", "10 July 1558–10 July 1559."
"SRO14", "", "1558-07-10", "1559-07-10", "10 July 1558–10 July 1559."
"SRO15", "", "1558-07-10", "1559-07-10", "10 July 1558–10 July 1559."
"SRO16", "", "1558-07-10", "1559-07-10", "10 July 1558–10 July 1559."
"SRO17", "", "1558-07-10", "1559-07-10", "10 July 1558–10 July 1559."
"SRO18", "", "1558-07-10", "1559-07-10", "10 July 1558–10 July 1559."
"SRO19", "", "1558-07-10", "1559-07-10", "10 July 1558–10 July 1559."
"SRO20", "", "1558-07-10", "1559-07-10", "10 July 1558–10 July 1559."
"SRO21", "", "1558-07-10", "1559-07-10", "10 July 1558–10 July 1559."
"SRO22", "", "1558-07-10", "1559-07-10", "10 July 1558–10 July 1559."
"SRO23", "", "1558-07-10", "1559-07-10", "10 July 1558–10 July 1559."
"SRO24", "", "1558-07-10", "1559-07-10", "10 July 1558–10 July 1559."
"SRO25", "", "1558-07-10", "1559-07-10", "10 July 1558–10 July 1559."
"SRO26", "", "1558-07-10", "1559-07-10", "10 July 1558–10 July 1559."
"SRO27", "", "1558-07-10", "1559-07-10", "10 July 1558–10 July 1559."
"SRO28", "", "1558-07-10", "1559-07-10", "10 July 1558–10 July 1559."
"SRO29", "", "1558-07-10", "1559-07-10", "10 July 1558–10 July 1559."
"SRO30", "", "1558-07-10", "1559-07-10", "10 July 1558–10 July 1559."
"SRO31", "", "1558-07-10", "1559-07-10", "10 July 1558–10 July 1559."
"SRO32", "", "1558-07-10", "1559-07-10", "10 July 1558–10 July 1559."
"SRO33", "", "1558-07-10", "1559-07-10", "10 July 1558–10 July 1559."
"SRO34", "", "1558-07-10", "1559-07-10", "10 July 1558–10 July 1559."
"SRO35", "", "1558-07-10", "1559-07-10", "10 July 1558–10 July 1559."
"SRO36", "", "1558-07-10", "1559-07-10", "10 July 1558–10 July 1559."
"SRO36a", "1559-08-06", "", "", "vjth of auguste 1559"
"SRO37", "1559-10-12", "", "", "xij of octobre 1559"
"SRO38", "1559-11-06", "", "", "vj of novembre 1559"
"SRO38a", "1559-11-06", "", "", "vjth of novembre 1559"
"SRO38b", "1559-11-06", "", "", "vjth of novembre 1559"
"SRO38c", "1559-11-06", "", "", "vjth of novembre 1559"
"SRO38d", "1559-11-06", "", "", "vjth of novembre 1559"
"SRO38e", "1559-12-04", "", "", "iiij of decembre 1559"
"SRO39", "1560-01-15", "", "", "xvth of Januarij 1560"
"SRO39a", "", "1560-01-15", "1560-01-24", "15 January 1560–24 January 1560."
"SRO39b", "1560-01-24", "", "", "xxiiij Daye of Januarij 1560"
"SRO39c", "1560-02-06", "", "", "vj of Februarij 1560"
"SRO39d", "1560-01-24", "", "", "xxiiij Daye of Januarij 1560"
"SRO40", "1560-02-06", "", "", "vj Day of Februarij 1560"
"SRO40a", "1560-03-04", "", "", "iiijth Daye of marche 1560"
"SRO40b", "", "1559-03-04", "1560-05-04", "03 March 1559–5 May 1560."
"SRO40c", "", "1559-03-04", "1560-05-04", "03 March 1559–5 May 1560."
"SRO40d", "", "1559-03-04", "1560-05-04", "03 March 1559–5 May 1560."
"SRO40e", "", "1559-03-04", "1560-05-04", "03 March 1559–5 May 1560."
"SRO40f", "", "1559-03-04", "1560-05-04", "03 March 1559–5 May 1560."
"SRO40g", "", "1559-03-04", "1560-05-04", "03 March 1559–14 May 1560."
"SRO41", "1560-05-14", "", "", "xiiij Daye of maye 1560"
"SRO41a", "", "1560-05-14", "1560-05-18", "15 May 1560–18 May 1560."
"SRO41b", "1560-05-18", "", "", "xviijth of maye 1560"
"SRO41c", "1560-05-30", "", "", "xxx of maye 1560"
"SRO41d", "1560-06-10", "", "", "x of June anno 1560"
"SRO41e", "1560-06-20", "", "", "xx of June / 1560"
"SRO42", "1560-06-25", "", "", "xxv of June anno 1560"
"SRO42a", "1560", "", "", "xxviijth Daye of July anno 1560"
"SRO42b", "", "1560-07-28", "1560-08-14", "28 July 1560–14 August 1560."
"SRO42c", "1560-08-14", "", "", "xiiij of auguste Anno 1560"
"SRO42d", "1560-08-14", "", "", "xiiij of auguste 1560"
"SRO42e", "1560-08-14", "", "", "xiiijth of auguste 1560"
"SRO42f", "1560-08-14", "", "", "xiiij of auguste 1560"
"SRO42g", "1560-08-19", "", "", "xix Daye of auguste 1560"
"SRO42h", "1560-08-30", "", "", "xxx daye of auguste 1560"
"SRO42i", "1560-08-30", "", "", "xxx Daye of auguste1560"
"SRO42j", "1560-08-31", "", "", "Laste Daye of auguste 1560"
"SRO42k", "1560-09-02", "", "", "ijde Daye of septembre1560"
"SRO42l", "1560-09-02", "", "", "ijdeDaye of septembre 1560"
"SRO42m", "1560-09-20", "", "", "xxx or rather xx Daye of Septembre 1560"
"SRO42n", "1560-09-20", "", "", "xx of septembre 1560"
"SRO42o", "1560-09-20", "", "", "xx Daye of septembre 1560"
"SRO42p", "1560-09-20", "", "", "xx Daye of septembre 1560"
"SRO42q", "1560-09-26", "", "", "xxvj Daye of septembre 1560"
"SRO42r", "1560-09", "", "", "xxvjth Daye of septembre 1560"
"SRO42s", "1560-09-26", "", "", "xxvj Daye of septembre 1560"
"SRO42t", "", "1560-09-26", "1561-11-04", "26 September 1560–4 November 1560."
"SRO42u", "", "1560-09-26", "1561-11-04", "26 September 1560–4 November 1560."
"SRO42v", "", "1560-09-26", "1561-11-04", "26 September 1560–4 November 1560."
"SRO42w", "", "1560-09-26", "1561-11-04", "26 September 1560–4 November 1560."
"SRO42x", "", "1560-09-26", "1561-11-04", "26 September 1560–4 November 1560."
"SRO42y", "", "1560-09-26", "1561-11-04", "26 September 1560–4 November 1560."
"SRO42z", "1560-11", "", "", "iiijth Daye of novembre 1560"
"SRO42aa", "", "1560-11-04", "1561-11-30", "4 November 1560–30 November 1560."
"SRO42ab", "1560-11-30", "", "", "xxx of novembre1560"
"SRO42ac", "1560-11-30", "", "", "xxx of novembre1560"
"SRO42ad", "1560-11-30", "", "", "xxx of novembre 1560"
"SRO42ae", "1560-10-30", "", "", "xxx of octobre 1560"
"SRO42af", "1560-10-30", "", "", "xxx of octobre 1560"
"SRO42ag", "1560-10-30", "", "", "xxx of octobre 1560"
"SRO42ah", "", "1560-10-30", "1561-03-08", "4 October 1560–8 March 1561."
"SRO42ai", "1560-10-30", "", "", "xxx of octobre 1560"
"SRO42aj", "", "1560-10-30", "1561-03-08", "4 October 1560–8 March 1561."
"SRO42ak", "", "1560-10-30", "1561-03-08", "4 October 1560–8 March 1561."
"SRO42al", "", "1560-10-30", "1561-03-08", "4 October 1560–8 March 1561."
"SRO42am", "", "1560-10-30", "1561-03-08", "4 October 1560–8 March 1561."
"SRO42an", "", "1560-10-30", "1561-03-08", "4 October 1560–8 March 1561."
"SRO42ao", "", "1560-10-30", "1561-03-08", "4 October 1560–8 March 1561."
"SRO42ap", "", "1560-10-30", "1561-03-08", "4 October 1560–8 March 1561."
"SRO42aq", "", "1560-10-30", "1561-03-08", "4 October 1560–8 March 1561."
"SRO42ar", "", "1560-10-30", "1561-03-08", "4 October 1560–8 March 1561."
"SRO43", "", "1560-10-30", "1561-03-08", "4 October 1560–8 March 1561."
"SRO44", "", "1560-10-30", "1561-03-08", "4 October 1560–8 March 1561."
"SRO45", "", "1560-10-30", "1561-03-08", "4 October 1560–8 March 1561."
"SRO46", "", "1560-10-30", "1561-03-08", "4 October 1560–8 March 1561."
"SRO47", "", "1560-10-30", "1561-03-08", "4 October 1560–8 March 1561."
"SRO48", "", "1560-10-30", "1561-03-08", "4 October 1560–8 March 1561."
"SRO49", "", "1560-10-30", "1561-03-08", "4 October 1560–8 March 1561."
"SRO50", "", "1560-10-30", "1561-03-08", "4 October 1560–8 March 1561."
"SRO51", "", "1560-10-30", "1561-03-08", "4 October 1560–8 March 1561."
"SRO52", "", "1560-10-30", "1561-03-08", "4 October 1560–8 March 1561."
"SRO53", "1561-03-08", "", "", "viij of marche1561"
"SRO53a", "", "1560-07-07", "1561-07-08", "7 July 1560–8 July 1561."
"SRO53ab", "", "1560-07-07", "1561-07-08", "7 July 1560–8 July 1561."
"SRO53ac", "1561-04-14", "", "", "xiiij Daye of aprill 1561"
"SRO53ad", "1561-05-11", "", "", "xj of maye 1561"
"SRO53ae", "1561-05-11", "", "", "xj of maye 1561"
"SRO53af", "1561-05-11", "", "", "xj of maye 1561"
"SRO53ag", "", "1560-07-07", "1561-07-08", "7 July 1560–8 July 1561."
"SRO53ah", "", "1560-07-07", "1561-07-08", "7 July 1560–8 July 1561."
"SRO54", "", "1560-07-07", "1561-07-08", "7 July 1560–8 July 1561."
"SRO54a", "1561-05-11", "", "", "xj of maye 1561"
"SRO54b", "", "1560-07-07", "1561-07-08", "7 July 1560–8 July 1561."
"SRO54c", "", "1560-07-07", "1561-07-08", "7 July 1560–8 July 1561."
"SRO54d", "1561-06-11", "", "", "xj of June 1561"
"SRO54e", "1561-06-24", "", "", "xxiiij Daye of June 1561"
"SRO54f", "", "1560-07-07", "1561-07-08", "7 July 1560–8 July 1561."
"SRO54g", "", "1560-07-07", "1561-07-08", "7 July 1560–8 July 1561."
"SRO54h", "", "1560-07-07", "1561-07-08", "7 July 1560–8 July 1561."
"SRO54i", "", "1560-07-07", "1561-07-08", "7 July 1560–8 July 1561."
"SRO54j", "", "1560-07-07", "1561-07-08", "7 July 1560–8 July 1561."
"SRO54k", "", "1560-07-07", "1561-07-08", "7 July 1560–8 July 1561."
"SRO54l", "", "1560-07-07", "1561-07-08", "7 July 1560–8 July 1561."
"SRO54m", "", "1560-07-07", "1561-07-08", "7 July 1560–8 July 1561."
"SRO55", "", "1561-07-22", "1562-07-24", "22 July 1561–24 July 1562."
"SRO56", "", "1561-07-22", "1562-07-24", "22 July 1561–24 July 1562."
"SRO57", "", "1561-07-22", "1562-07-24", "22 July 1561–24 July 1562."
"SRO58", "", "1561-07-22", "1562-07-24", "22 July 1561–24 July 1562."
"SRO59", "", "1561-07-22", "1562-07-24", "22 July 1561–24 July 1562."
"SRO60", "", "1561-07-22", "1562-07-24", "22 July 1561–24 July 1562."
"SRO61", "", "1561-07-22", "1562-07-24", "22 July 1561–24 July 1562."
"SRO62", "", "1561-07-22", "1562-07-24", "22 July 1561–24 July 1562."
"SRO63", "", "1561-07-22", "1562-07-24", "22 July 1561–24 July 1562."
"SRO64", "", "1561-07-22", "1562-07-24", "22 July 1561–24 July 1562."
"SRO65", "", "1561-07-22", "1562-07-24", "22 July 1561–24 July 1562."
"SRO66", "", "1561-07-22", "1562-07-24", "22 July 1561–24 July 1562."
"SRO67", "", "1561-07-22", "1562-07-24", "22 July 1561–24 July 1562."
"SRO68", "", "1561-07-22", "1562-07-24", "22 July 1561–24 July 1562."
"SRO69", "", "1561-07-22", "1562-07-24", "22 July 1561–24 July 1562."
"SRO70", "", "1561-07-22", "1562-07-24", "22 July 1561–24 July 1562."
"SRO71", "", "1561-07-22", "1562-07-24", "22 July 1561–24 July 1562."
"SRO72", "", "1561-07-22", "1562-07-24", "22 July 1561–24 July 1562."
"SRO73", "", "1561-07-22", "1562-07-24", "22 July 1561–24 July 1562."
"SRO74", "", "1561-07-22", "1562-07-24", "22 July 1561–24 July 1562."
"SRO75", "", "1561-07-22", "1562-07-24", "22 July 1561–24 July 1562."
"SRO76", "", "1561-07-22", "1562-07-24", "22 July 1561–24 July 1562."
"SRO77", "", "1561-07-22", "1562-07-24", "22 July 1561–24 July 1562."
"SRO78", "", "1561-07-22", "1562-07-24", "22 July 1561–24 July 1562."
"SRO79", "", "1561-07-22", "1562-07-24", "22 July 1561–24 July 1562."
"SRO80", "", "1561-07-22", "1562-07-24", "22 July 1561–24 July 1562."
"SRO81", "", "1561-07-22", "1562-07-24", "22 July 1561–24 July 1562."
"SRO82", "", "1561-07-22", "1562-07-24", "22 July 1561–24 July 1562."
"SRO83", "", "1561-07-22", "1562-07-24", "22 July 1561–24 July 1562."
"SRO83a", "", "1561-07-22", "1562-07-24", "22 July 1561–24 July 1562."
"SRO84", "", "1561-07-22", "1562-07-24", "22 July 1561–24 July 1562."
"SRO85", "", "1561-07-22", "1562-07-24", "22 July 1561–24 July 1562."
"SRO86", "", "1561-07-22", "1562-07-24", "22 July 1561–24 July 1562."
"SRO87", "", "1561-07-22", "1562-07-24", "22 July 1561–24 July 1562."
"SRO88", "", "1561-07-22", "1562-07-24", "22 July 1561–24 July 1562."
"SRO89", "", "1561-07-22", "1562-07-24", "22 July 1561–24 July 1562."
"SRO90", "", "1561-07-22", "1562-07-24", "22 July 1561–24 July 1562."
"SRO91", "", "1561-07-22", "1562-07-24", "22 July 1561–24 July 1562."
"SRO92", "", "1561-07-22", "1562-07-24", "22 July 1561–24 July 1562."
"SRO93", "", "1561-07-22", "1562-07-24", "22 July 1561–24 July 1562."
"SRO94", "", "1561-07-22", "1562-07-24", "22 July 1561–24 July 1562."
"SRO95", "", "1561-07-22", "1562-07-24", "22 July 1561–24 July 1562."
"SRO96", "", "1561-07-22", "1562-07-24", "22 July 1561–24 July 1562."
"SRO97", "", "1561-07-22", "1562-07-24", "22 July 1561–24 July 1562."
"SRO98", "", "1561-07-22", "1562-07-24", "22 July 1561–24 July 1562."
"SRO99", "", "1561-07-22", "1562-07-24", "22 July 1561–24 July 1562."
"SRO99a", "", "1561-07-22", "1562-07-24", "22 July 1561–24 July 1562."
"SRO100", "", "1561-07-22", "1562-07-24", "22 July 1561–24 July 1562."
"SRO101", "", "1561-07-22", "1562-07-24", "22 July 1561–24 July 1562."
"SRO102", "", "1561-07-22", "1562-07-24", "22 July 1561–24 July 1562."
"SRO103", "", "1561-07-22", "1562-07-24", "22 July 1561–24 July 1562."
"SRO104", "", "1561-07-22", "1562-07-24", "22 July 1561–24 July 1562."
"SRO105", "", "1561-07-22", "1562-07-24", "22 July 1561–24 July 1562."
"SRO106", "", "1561-07-22", "1562-07-24", "22 July 1561–24 July 1562."
"SRO107", "", "1561-07-22", "1562-07-24", "22 July 1561–24 July 1562."
"SRO108", "", "1561-07-22", "1562-07-24", "22 July 1561–24 July 1562."
"SRO109", "", "1561-07-22", "1562-07-24", "22 July 1561–24 July 1562."
"SRO110", "", "1561-07-22", "1562-07-24", "22 July 1561–24 July 1562."
"SRO111", "", "1561-07-22", "1562-07-24", "22 July 1561–24 July 1562."
"SRO112", "", "1561-07-22", "1562-07-24", "22 July 1561–24 July 1562."
"SRO113", "", "1561-07-22", "1562-07-24", "22 July 1561–24 July 1562."
"SRO114", "", "1561-07-22", "1562-07-24", "22 July 1561–24 July 1562."
"SRO115", "", "1561-07-22", "1562-07-24", "22 July 1561–24 July 1562."
"SRO116", "", "1561-07-22", "1562-07-24", "22 July 1561–24 July 1562."
"SRO117", "", "1561-07-22", "1562-07-24", "22 July 1561–24 July 1562."
"SRO118", "", "1561-07-22", "1562-07-24", "22 July 1561–24 July 1562."
"SRO119", "", "1561-07-22", "1562-07-24", "22 July 1561–24 July 1562."
"SRO120", "", "1561-07-22", "1562-07-24", "22 July 1561–24 July 1562."
"SRO121", "", "1561-07-22", "1562-07-24", "22 July 1561–24 July 1562."
"SRO122", "", "1561-07-22", "1562-07-24", "22 July 1561–24 July 1562."
"SRO123", "", "1561-07-22", "1562-07-24", "22 July 1561–24 July 1562."
"SRO124", "", "1561-07-22", "1562-07-24", "22 July 1561–24 July 1562."
"SRO124a", "", "1561-07-22", "1562-07-24", "22 July 1561–24 July 1562."
"SRO124b", "", "1561-07-22", "1562-07-24", "22 July 1561–24 July 1562."
"SRO124c", "", "1561-07-22", "1562-07-24", "22 July 1561–24 July 1562."
"SRO124d", "", "1561-07-22", "1562-07-24", "22 July 1561–24 July 1562."
"SRO124e", "", "1561-07-22", "1562-07-24", "22 July 1561–24 July 1562."
"SRO124f", "", "1561-07-22", "1562-07-24", "22 July 1561–24 July 1562."
"SRO124g", "", "1561-07-22", "1562-07-24", "22 July 1561–24 July 1562."
"SRO124h", "", "1561-07-22", "1562-07-24", "22 July 1561–24 July 1562."
"SRO125", "", "1561-07-22", "1562-07-24", "22 July 1561–24 July 1562."
"SRO126", "", "1561-07-22", "1562-07-24", "22 July 1561–24 July 1562."
"SRO127", "", "1561-07-22", "1562-07-24", "22 July 1561–24 July 1562."
"SRO128", "", "1562-07-22", "1563-07-22", "22 July 1562–22 July 1563."
"SRO129", "", "1562-07-22", "1563-07-22", "22 July 1562–22 July 1563."
"SRO130", "", "1562-07-22", "1563-07-22", "22 July 1562–22 July 1563."
"SRO131", "", "1562-07-22", "1563-07-22", "22 July 1562–22 July 1563."
"SRO132", "", "1562-07-22", "1563-07-22", "22 July 1562–22 July 1563."
"SRO133", "", "1562-07-22", "1563-07-22", "22 July 1562–22 July 1563."
"SRO134", "", "1562-07-22", "1563-07-22", "22 July 1562–22 July 1563."
"SRO135", "", "1562-07-22", "1563-07-22", "22 July 1562–22 July 1563."
"SRO136", "", "1562-07-22", "1563-07-22", "22 July 1562–22 July 1563."
"SRO137", "", "1562-07-22", "1563-07-22", "22 July 1562–22 July 1563."
"SRO138", "", "1562-07-22", "1563-07-22", "22 July 1562–22 July 1563."
"SRO139", "", "1562-07-22", "1563-07-22", "22 July 1562–22 July 1563."
"SRO140", "", "1562-07-22", "1563-07-22", "22 July 1562–22 July 1563."
"SRO141", "", "1562-07-22", "1563-07-22", "22 July 1562–22 July 1563."
"SRO142", "", "1562-07-22", "1563-07-22", "22 July 1562–22 July 1563."
"SRO143", "", "1562-07-22", "1563-07-22", "22 July 1562–22 July 1563."
"SRO144", "", "1562-07-22", "1563-07-22", "22 July 1562–22 July 1563."
"SRO145", "", "1562-07-22", "1563-07-22", "22 July 1562–22 July 1563."
"SRO145a", "", "1562-07-22", "1563-07-22", "22 July 1562–22 July 1563."
"SRO146", "", "1562-07-22", "1563-07-22", "22 July 1562–22 July 1563."
"SRO147", "", "1562-07-22", "1563-07-22", "22 July 1562–22 July 1563."
"SRO148", "", "1562-07-22", "1563-07-22", "22 July 1562–22 July 1563."
"SRO149", "", "1562-07-22", "1563-07-22", "22 July 1562–22 July 1563."
"SRO150", "", "1562-07-22", "1563-07-22", "22 July 1562–22 July 1563."
"SRO151", "", "1562-07-22", "1563-07-22", "22 July 1562–22 July 1563."
"SRO152", "", "1562-07-22", "1563-07-22", "22 July 1562–22 July 1563."
"SRO153", "", "1562-07-22", "1563-07-22", "22 July 1562–22 July 1563."
"SRO154", "", "1562-07-22", "1563-07-22", "22 July 1562–22 July 1563."
"SRO155", "", "1562-07-22", "1563-07-22", "22 July 1562–22 July 1563."
"SRO156", "", "1562-07-22", "1563-07-22", "22 July 1562–22 July 1563."
"SRO157", "", "1562-07-22", "1563-07-22", "22 July 1562–22 July 1563."
"SRO158", "", "1562-07-22", "1563-07-22", "22 July 1562–22 July 1563."
"SRO159", "", "1562-07-22", "1563-07-22", "22 July 1562–22 July 1563."
"SRO160", "", "1562-07-22", "1563-07-22", "22 July 1562–22 July 1563."
"SRO161", "", "1562-07-22", "1563-07-22", "22 July 1562–22 July 1563."
"SRO162", "", "1562-07-22", "1563-07-22", "22 July 1562–22 July 1563."
"SRO163", "", "1562-07-22", "1563-07-22", "22 July 1562–22 July 1563."
"SRO164", "", "1562-07-22", "1563-07-22", "22 July 1562–22 July 1563."
"SRO165", "", "1562-07-22", "1563-07-22", "22 July 1562–22 July 1563."
"SRO166", "", "1562-07-22", "1563-07-22", "22 July 1562–22 July 1563."
"SRO167", "", "1562-07-22", "1563-07-22", "22 July 1562–22 July 1563."
"SRO168", "", "1562-07-22", "1563-07-22", "22 July 1562–22 July 1563."
"SRO169", "", "1562-07-22", "1563-07-22", "22 July 1562–22 July 1563."
"SRO170", "", "1562-07-22", "1563-07-22", "22 July 1562–22 July 1563."
"SRO171", "", "1562-07-22", "1563-07-22", "22 July 1562–22 July 1563."
"SRO172", "", "1562-07-22", "1563-07-22", "22 July 1562–22 July 1563."
"SRO173", "", "1562-07-22", "1563-07-22", "22 July 1562–22 July 1563."
"SRO174", "", "1562-07-22", "1563-07-22", "22 July 1562–22 July 1563."
"SRO175", "", "1562-07-22", "1563-07-22", "22 July 1562–22 July 1563."
"SRO176", "", "1562-07-22", "1563-07-22", "22 July 1562–22 July 1563."
"SRO177", "", "1562-07-22", "1563-07-22", "22 July 1562–22 July 1563."
"SRO178", "", "1562-07-22", "1563-07-22", "22 July 1562–22 July 1563."
"SRO179", "", "1562-07-22", "1563-07-22", "22 July 1562–22 July 1563."
"SRO180", "", "1562-07-22", "1563-07-22", "22 July 1562–22 July 1563."
"SRO181", "", "1562-07-22", "1563-07-22", "22 July 1562–22 July 1563."
"SRO182", "", "1562-07-22", "1563-07-22", "22 July 1562–22 July 1563."
"SRO183", "", "1562-07-22", "1563-07-22", "22 July 1562–22 July 1563."
"SRO184", "", "1562-07-22", "1563-07-22", "22 July 1562–22 July 1563."
"SRO185", "", "1562-07-22", "1563-07-22", "22 July 1562–22 July 1563."
"SRO186", "", "1562-07-22", "1563-07-22", "22 July 1562–22 July 1563."
"SRO187", "", "1562-07-22", "1563-07-22", "22 July 1562–22 July 1563."
"SRO188", "", "1562-07-22", "1563-07-22", "22 July 1562–22 July 1563."
"SRO189", "", "1562-07-22", "1563-07-22", "22 July 1562–22 July 1563."
"SRO190", "", "1562-07-22", "1563-07-22", "22 July 1562–22 July 1563."
"SRO191", "", "1562-07-22", "1563-07-22", "22 July 1562–22 July 1563."
"SRO192", "", "1562-07-22", "1563-07-22", "22 July 1562–22 July 1563."
"SRO193", "", "1562-07-22", "1563-07-22", "22 July 1562–22 July 1563."
"SRO194", "", "1562-07-22", "1563-07-22", "22 July 1562–22 July 1563."
"SRO195", "", "1562-07-22", "1563-07-22", "22 July 1562–22 July 1563."
"SRO196", "", "1562-07-22", "1563-07-22", "22 July 1562–22 July 1563."
"SRO197", "", "1562-07-22", "1563-07-22", "22 July 1562–22 July 1563."
"SRO198", "", "1562-07-22", "1563-07-22", "22 July 1562–22 July 1563."
"SRO199", "", "1562-07-22", "1563-07-22", "22 July 1562–22 July 1563."
"SRO200", "", "1562-07-22", "1563-07-22", "22 July 1562–22 July 1563."
"SRO201", "", "1562-07-22", "1563-07-22", "22 July 1562–22 July 1563."
"SRO202", "", "1562-07-22", "1563-07-22", "22 July 1562–22 July 1563."
"SRO203", "", "1562-07-22", "1563-07-22", "22 July 1562–22 July 1563."
"SRO204", "", "1562-07-22", "1563-07-22", "22 July 1562–22 July 1563."
"SRO205", "", "1562-07-22", "1563-07-22", "22 July 1562–22 July 1563."
"SRO206", "", "1562-07-22", "1563-07-22", "22 July 1562–22 July 1563."
"SRO207", "", "1562-07-22", "1563-07-22", "22 July 1562–22 July 1563."
"SRO208", "", "1562-07-22", "1563-07-22", "22 July 1562–22 July 1563."
"SRO209", "", "1562-07-22", "1563-07-22", "22 July 1562–22 July 1563."
"SRO210", "", "1562-07-22", "1563-07-22", "22 July 1562–22 July 1563."
"SRO211", "", "1562-07-22", "1563-07-22", "22 July 1562–22 July 1563."
"SRO212", "", "1562-07-22", "1563-07-22", "22 July 1562–22 July 1563."
"SRO213", "", "1562-07-22", "1563-07-22", "22 July 1562–22 July 1563."
"SRO214", "", "1562-07-22", "1563-07-22", "22 July 1562–22 July 1563."
"SRO215", "", "1562-07-22", "1563-07-22", "22 July 1562–22 July 1563."
"SRO216", "", "1562-07-22", "1563-07-22", "22 July 1562–22 July 1563."
"SRO217", "", "1562-07-22", "1563-07-22", "22 July 1562–22 July 1563."
"SRO218", "", "1562-07-22", "1563-07-22", "22 July 1562–22 July 1563."
"SRO219", "", "1562-07-22", "1563-07-22", "22 July 1562–22 July 1563."
"SRO220", "", "1562-07-22", "1563-07-22", "22 July 1562–22 July 1563."
"SRO221", "", "1562-07-22", "1563-07-22", "22 July 1562–22 July 1563."
"SRO222", "", "1562-07-22", "1563-07-22", "22 July 1562–22 July 1563."
"SRO223", "", "1562-07-22", "1563-07-22", "22 July 1562–22 July 1563."
"SRO224", "", "1562-07-22", "1563-07-22", "22 July 1562–22 July 1563."
"SRO225", "", "1562-07-22", "1563-07-22", "22 July 1562–22 July 1563."
"SRO226", "", "1562-07-22", "1563-07-22", "22 July 1562–22 July 1563."
"SRO227", "", "1562-07-22", "1563-07-22", "22 July 1562–22 July 1563."
"SRO228", "", "1562-07-22", "1563-07-22", "22 July 1562–22 July 1563."
"SRO229", "", "1562-07-22", "1563-07-22", "22 July 1562–22 July 1563."
"SRO230", "", "1562-07-22", "1563-07-22", "22 July 1562–22 July 1563."
"SRO231", "", "1562-07-22", "1563-07-22", "22 July 1562–22 July 1563."
"SRO232", "", "1562-07-22", "1563-07-22", "22 July 1562–22 July 1563."
"SRO234", "", "1562-07-22", "1563-07-22", "22 July 1562–22 July 1563."
"SRO235", "", "1562-07-22", "1563-07-22", "22 July 1562–22 July 1563."
"SRO236", "", "1562-07-22", "1563-07-22", "22 July 1562–22 July 1563."
"SRO237", "", "1562-07-22", "1563-07-22", "22 July 1562–22 July 1563."
"SRO238", "", "1562-07-22", "1563-07-22", "22 July 1562–22 July 1563."
"SRO239", "", "1562-07-22", "1563-07-22", "22 July 1562–22 July 1563."
"SRO240", "", "1562-07-22", "1563-07-22", "22 July 1562–22 July 1563."
"SRO241", "", "1562-07-22", "1563-07-22", "22 July 1562–22 July 1563."
"SRO242", "", "1562-07-22", "1563-07-22", "22 July 1562–22 July 1563."
"SRO243", "", "1562-07-22", "1563-07-22", "22 July 1562–22 July 1563."
"SRO244", "", "1562-07-22", "1563-07-22", "22 July 1562–22 July 1563."
"SRO245", "", "1562-07-22", "1563-07-22", "22 July 1562–22 July 1563."
"SRO246", "", "1562-07-22", "1563-07-22", "22 July 1562–22 July 1563."
"SRO247", "", "1562-07-22", "1563-07-22", "22 July 1562–22 July 1563."
"SRO248", "", "1562-07-22", "1563-07-22", "22 July 1562–22 July 1563."
"SRO249", "", "1562-07-22", "1563-07-22", "22 July 1562–22 July 1563."
"SRO250", "", "1562-07-22", "1563-07-22", "22 July 1562–22 July 1563."
"SRO251", "", "1562-07-22", "1563-07-22", "22 July 1562–22 July 1563."
"SRO252", "", "1563-07-22", "1564-07-22", "22 July 1563–22 July 1564."
"SRO253", "", "1563-07-22", "1564-07-22", "22 July 1563–22 July 1564."
"SRO254", "", "1563-07-22", "1564-07-22", "22 July 1563–22 July 1564."
"SRO255", "", "1563-07-22", "1564-07-22", "22 July 1563–22 July 1564."
"SRO256", "", "1563-07-22", "1564-07-22", "22 July 1563–22 July 1564."
"SRO257", "", "1563-07-22", "1564-07-22", "22 July 1563–22 July 1564."
"SRO258", "", "1563-07-22", "1564-07-22", "22 July 1563–22 July 1564."
"SRO259", "", "1563-07-22", "1564-07-22", "22 July 1563–22 July 1564."
"SRO260", "", "1563-07-22", "1564-07-22", "22 July 1563–22 July 1564."
"SRO261", "", "1563-07-22", "1564-07-22", "22 July 1563–22 July 1564."
"SRO262", "", "1563-07-22", "1564-07-22", "22 July 1563–22 July 1564."
"SRO263", "", "1563-07-22", "1564-07-22", "22 July 1563–22 July 1564."
"SRO264", "", "1563-07-22", "1564-07-22", "22 July 1563–22 July 1564."
"SRO265", "", "1563-07-22", "1564-07-22", "22 July 1563–22 July 1564."
"SRO266", "", "1563-07-22", "1564-07-22", "22 July 1563–22 July 1564."
"SRO267", "", "1563-07-22", "1564-07-22", "22 July 1563–22 July 1564."
"SRO268", "", "1563-07-22", "1564-07-22", "22 July 1563–22 July 1564."
"SRO269", "", "1563-07-22", "1564-07-22", "22 July 1563–22 July 1564."
"SRO270", "", "1563-07-22", "1564-07-22", "22 July 1563–22 July 1564."
"SRO271", "", "1563-07-22", "1564-07-22", "22 July 1563–22 July 1564."
"SRO272", "", "1563-07-22", "1564-07-22", "22 July 1563–22 July 1564."
"SRO273", "", "1563-07-22", "1564-07-22", "22 July 1563–22 July 1564."
"SRO274", "", "1563-07-22", "1564-07-22", "22 July 1563–22 July 1564."
"SRO275", "", "1563-07-22", "1564-07-22", "22 July 1563–22 July 1564."
"SRO276", "", "1563-07-22", "1564-07-22", "22 July 1563–22 July 1564."
"SRO277", "", "1563-07-22", "1564-07-22", "22 July 1563–22 July 1564."
"SRO278", "", "1563-07-22", "1564-07-22", "22 July 1563–22 July 1564."
"SRO279", "", "1563-07-22", "1564-07-22", "22 July 1563–22 July 1564."
"SRO280", "", "1563-07-22", "1564-07-22", "22 July 1563–22 July 1564."
"SRO281", "", "1563-07-22", "1564-07-22", "22 July 1563–22 July 1564."
"SRO282", "", "1563-07-22", "1564-07-22", "22 July 1563–22 July 1564."
"SRO283", "", "1563-07-22", "1564-07-22", "22 July 1563–22 July 1564."
"SRO284", "", "1563-07-22", "1564-07-22", "22 July 1563–22 July 1564."
"SRO285", "", "1563-07-22", "1564-07-22", "22 July 1563–22 July 1564."
"SRO286", "", "1563-07-22", "1564-07-22", "22 July 1563–22 July 1564."
"SRO287", "", "1563-07-22", "1564-07-22", "22 July 1563–22 July 1564."
"SRO288", "", "1563-07-22", "1564-07-22", "22 July 1563–22 July 1564."
"SRO289", "", "1563-07-22", "1564-07-22", "22 July 1563–22 July 1564."
"SRO290", "", "1563-07-22", "1564-07-22", "22 July 1563–22 July 1564."
"SRO291", "", "1563-07-22", "1564-07-22", "22 July 1563–22 July 1564."
"SRO292", "", "1563-07-22", "1564-07-22", "22 July 1563–22 July 1564."
"SRO293", "", "1563-07-22", "1564-07-22", "22 July 1563–22 July 1564."
"SRO294", "", "1563-07-22", "1564-07-22", "22 July 1563–22 July 1564."
"SRO295", "", "1563-07-22", "1564-07-22", "22 July 1563–22 July 1564."
"SRO296", "", "1563-07-22", "1564-07-22", "22 July 1563–22 July 1564."
"SRO297", "", "1563-07-22", "1564-07-22", "22 July 1563–22 July 1564."
"SRO298", "", "1563-07-22", "1564-07-22", "22 July 1563–22 July 1564."
"SRO299", "", "1563-07-22", "1564-07-22", "22 July 1563–22 July 1564."
"SRO300", "", "1563-07-22", "1564-07-22", "22 July 1563–22 July 1564."
"SRO301", "", "1563-07-22", "1564-07-22", "22 July 1563–22 July 1564."
"SRO302", "", "1563-07-22", "1564-07-22", "22 July 1563–22 July 1564."
"SRO303", "", "1563-07-22", "1564-07-22", "22 July 1563–22 July 1564."
"SRO304", "", "1563-07-22", "1564-07-22", "22 July 1563–22 July 1564."
"SRO305", "", "1563-07-22", "1564-07-22", "22 July 1563–22 July 1564."
"SRO306", "", "1563-07-22", "1564-07-22", "22 July 1563–22 July 1564."
"SRO307", "", "1563-07-22", "1564-07-22", "22 July 1563–22 July 1564."
"SRO308", "", "1563-07-22", "1564-07-22", "22 July 1563–22 July 1564."
"SRO309", "", "1563-07-22", "1564-07-22", "22 July 1563–22 July 1564."
"SRO310", "", "1563-07-22", "1564-07-22", "22 July 1563–22 July 1564."
"SRO311", "", "1563-07-22", "1564-07-22", "22 July 1563–22 July 1564."
"SRO312", "", "1563-07-22", "1564-07-22", "22 July 1563–22 July 1564."
"SRO313", "", "1564-07-22", "1564-09-04", "22 July 1564–04 September 1564."
"SRO314", "", "1564-07-22", "1564-09-04", "22 July 1564–04 September 1564."
"SRO315", "", "1564-07-22", "1564-09-04", "22 July 1564–04 September 1564."
"SRO316", "", "1564-07-22", "1564-09-04", "22 July 1564–04 September 1564."
"SRO317", "", "1564-07-22", "1564-09-04", "22 July 1564–04 September 1564."
"SRO318", "", "1564-07-22", "1564-09-04", "22 July 1564–04 September 1564."
"SRO319", "", "1564-07-22", "1564-09-04", "22 July 1564–04 September 1564."
"SRO320", "", "1564-07-22", "1564-09-04", "22 July 1564–04 September 1564."
"SRO321", "", "1564-07-22", "1564-09-04", "22 July 1564–04 September 1564."
"SRO322", "", "1564-07-22", "1564-09-04", "22 July 1564–04 September 1564."
"SRO323", "", "1564-07-22", "1564-09-04", "22 July 1564–04 September 1564."
"SRO324", "", "1564-07-22", "1564-09-04", "22 July 1564–04 September 1564."
"SRO325", "", "1564-07-22", "1564-09-04", "22 July 1564–04 September 1564."
"SRO326", "", "1564-07-22", "1564-09-04", "22 July 1564–04 September 1564."
"SRO327", "", "1564-07-22", "1564-09-04", "22 July 1564–04 September 1564."
"SRO328", "", "1564-07-22", "1564-09-04", "22 July 1564–04 September 1564."
"SRO329", "", "1564-07-22", "1564-09-04", "22 July 1564–04 September 1564."
"SRO330", "", "1564-07-22", "1564-09-04", "22 July 1564–04 September 1564."
"SRO331", "", "1564-07-22", "1564-09-04", "22 July 1564–04 September 1564."
"SRO331a", "1564-09-04", "", "", "The iiijth Daye of septembre 1564"
"SRO332", "", "1564-09-04", "1565-10-27", "04 September 1564–27 October 1564."
"SRO333", "", "1564-09-04", "1565-10-27", "04 September 1564–27 October 1564."
"SRO334", "", "1564-09-04", "1565-10-27", "04 September 1564–27 October 1564."
"SRO335", "", "1564-09-04", "1565-10-27", "04 September 1564–27 October 1564."
"SRO336", "", "1564-09-04", "1565-10-27", "04 September 1564–27 October 1564."
"SRO337", "", "1564-09-04", "1565-10-27", "04 September 1564–27 October 1564."
"SRO338", "", "1564-09-04", "1565-10-27", "04 September 1564–27 October 1564."
"SRO339", "", "1564-09-04", "1565-10-27", "04 September 1564–27 October 1564."
"SRO340", "", "1564-09-04", "1565-10-27", "04 September 1564–27 October 1564."
"SRO341", "", "1564-09-04", "1565-10-27", "04 September 1564–27 October 1564."
"SRO342", "", "1564-09-04", "1565-10-27", "04 September 1564–27 October 1564."
"SRO343", "", "1564-09-04", "1565-10-27", "04 September 1564–27 October 1564."
"SRO344", "", "1564-09-04", "1565-10-27", "04 September 1564–27 October 1564."
"SRO345", "", "1564-09-04", "1565-10-27", "04 September 1564–27 October 1564."
"SRO346", "", "1564-09-04", "1565-10-27", "04 September 1564–27 October 1564."
"SRO347", "", "1564-09-04", "1565-10-27", "04 September 1564–27 October 1564."
"SRO348", "", "1564-09-04", "1565-10-27", "04 September 1564–27 October 1564."
"SRO349", "", "1564-09-04", "1565-10-27", "04 September 1564–27 October 1564."
"SRO350", "", "1564-09-04", "1565-10-27", "04 September 1564–27 October 1564."
"SRO351", "", "1564-09-04", "1565-10-27", "04 September 1564–27 October 1564."
"SRO352", "", "1564-09-04", "1565-10-27", "04 September 1564–27 October 1564."
"SRO353", "", "1564-09-04", "1565-10-27", "04 September 1564–27 October 1564."
"SRO354", "", "1564-09-04", "1565-10-27", "04 September 1564–27 October 1564."
"SRO355", "1564-10-27", "", "", "xxvij Daye of octobre anno 1564"
"SRO356", "", "1564-10-27", "1565-07-22", "27 October 1564–22 July 1565."
"SRO357", "", "1564-10-27", "1565-07-22", "27 October 1564–22 July 1565."
"SRO358", "", "1564-10-27", "1565-07-22", "27 October 1564–22 July 1565."
"SRO359", "", "1564-10-27", "1565-07-22", "27 October 1564–22 July 1565."
"SRO360", "", "1564-10-27", "1565-07-22", "27 October 1564–22 July 1565."
"SRO361", "", "1564-10-27", "1565-07-22", "27 October 1564–22 July 1565."
"SRO362", "", "1564-10-27", "1565-07-22", "27 October 1564–22 July 1565."
"SRO363", "", "1564-10-27", "1565-07-22", "27 October 1564–22 July 1565."
"SRO364", "", "1564-10-27", "1565-07-22", "27 October 1564–22 July 1565."
"SRO365", "", "1564-10-27", "1565-07-22", "27 October 1564–22 July 1565."
"SRO366", "", "1564-10-27", "1565-07-22", "27 October 1564–22 July 1565."
"SRO367", "", "1564-10-27", "1565-07-22", "27 October 1564–22 July 1565."
"SRO368", "", "1564-10-27", "1565-07-22", "27 October 1564–22 July 1565."
"SRO369", "", "1564-10-27", "1565-07-22", "27 October 1564–22 July 1565."
"SRO370", "", "1564-10-27", "1565-07-22", "27 October 1564–22 July 1565."
"SRO371", "", "1564-10-27", "1565-07-22", "27 October 1564–22 July 1565."
"SRO372", "", "1564-10-27", "1565-07-22", "27 October 1564–22 July 1565."
"SRO373", "", "1564-10-27", "1565-07-22", "27 October 1564–22 July 1565."
"SRO374", "", "1564-10-27", "1565-07-22", "27 October 1564–22 July 1565."
"SRO375", "", "1564-10-27", "1565-07-22", "27 October 1564–22 July 1565."
"SRO376", "", "1564-10-27", "1565-07-22", "27 October 1564–22 July 1565."
"SRO377", "", "1564-03-07", "1565-04-21", "07 March 1564–21 April 1565."
"SRO378", "", "1564-03-07", "1565-04-21", "07 March 1564–21 April 1565."
"SRO379", "", "1564-03-07", "1565-04-21", "07 March 1564–21 April 1565."
"SRO380", "", "1564-03-07", "1565-04-21", "07 March 1564–21 April 1565."
"SRO381", "", "1564-03-07", "1565-04-21", "07 March 1564–21 April 1565."
"SRO382", "", "1564-03-07", "1565-04-21", "07 March 1564–21 April 1565."
"SRO383", "", "1564-03-07", "1565-04-21", "07 March 1564–21 April 1565."
"SRO384", "", "1564-03-07", "1565-04-21", "07 March 1564–21 April 1565."
"SRO385", "", "1564-03-07", "1565-04-21", "07 March 1564–21 April 1565."
"SRO386", "", "1564-03-07", "1565-04-21", "07 March 1564–21 April 1565."
"SRO387", "", "1564-03-07", "1565-04-21", "07 March 1564–21 April 1565."
"SRO389", "", "1564-03-07", "1565-04-21", "07 March 1564–21 April 1565."
"SRO390", "", "1564-03-07", "1565-04-21", "07 March 1564–21 April 1565."
"SRO391", "", "1564-03-07", "1565-04-21", "07 March 1564–21 April 1565."
"SRO392", "", "1564-03-07", "1565-04-21", "07 March 1564–21 April 1565."
"SRO393", "", "1564-03-07", "1565-04-21", "07 March 1564–21 April 1565."
"SRO394", "", "1564-03-07", "1565-04-21", "07 March 1564–21 April 1565."
"SRO395", "", "1564-03-07", "1565-04-21", "07 March 1564–21 April 1565."
"SRO396", "", "1564-03-07", "1565-04-21", "07 March 1564–21 April 1565."
"SRO397", "", "1564-03-07", "1565-04-21", "07 March 1564–21 April 1565."
"SRO398", "", "1564-03-07", "1565-04-21", "07 March 1564–21 April 1565."
"SRO399", "", "1564-03-07", "1565-04-21", "07 March 1564–21 April 1565."
"SRO400", "", "1564-03-07", "1565-04-21", "07 March 1564–21 April 1565."
"SRO401", "", "1564-03-07", "1565-04-21", "07 March 1564–21 April 1565."
"SRO402", "", "1564-03-07", "1565-04-21", "07 March 1564–21 April 1565."
"SRO403", "", "1564-03-07", "1565-04-21", "07 March 1564–21 April 1565."
"SRO404", "", "1564-03-07", "1565-04-21", "07 March 1564–21 April 1565."
"SRO405", "", "1565-07-22", "1566-07-22", "22 July 1565–22 July 1566."
"SRO406", "", "1565-07-22", "1566-07-22", "22 July 1565–22 July 1566."
"SRO407", "", "1565-07-22", "1566-07-22", "22 July 1565–22 July 1566."
"SRO408", "", "1565-07-22", "1566-07-22", "22 July 1565–22 July 1566."
"SRO409", "", "1565-07-22", "1566-07-22", "22 July 1565–22 July 1566."
"SRO410", "", "1565-07-22", "1566-07-22", "22 July 1565–22 July 1566."
"SRO411", "", "1565-07-22", "1566-07-22", "22 July 1565–22 July 1566."
"SRO412", "", "1565-07-22", "1566-07-22", "22 July 1565–22 July 1566."
"SRO413", "", "1565-07-22", "1566-07-22", "22 July 1565–22 July 1566."
"SRO414", "", "1565-07-22", "1566-07-22", "22 July 1565–22 July 1566."
"SRO415", "", "1565-07-22", "1566-07-22", "22 July 1565–22 July 1566."
"SRO416", "", "1565-07-22", "1566-07-22", "22 July 1565–22 July 1566."
"SRO417", "", "1565-07-22", "1566-07-22", "22 July 1565–22 July 1566."
"SRO418", "", "1565-07-22", "1566-07-22", "22 July 1565–22 July 1566."
"SRO419", "", "1565-07-22", "1566-07-22", "22 July 1565–22 July 1566."
"SRO420", "", "1565-07-22", "1566-07-22", "22 July 1565–22 July 1566."
"SRO421", "", "1565-07-22", "1566-07-22", "22 July 1565–22 July 1566."
"SRO422", "", "1565-07-22", "1566-07-22", "22 July 1565–22 July 1566."
"SRO423", "", "1565-07-22", "1566-07-22", "22 July 1565–22 July 1566."
"SRO424", "", "1565-07-22", "1566-07-22", "22 July 1565–22 July 1566."
"SRO425", "", "1565-07-22", "1566-07-22", "22 July 1565–22 July 1566."
"SRO426", "", "1565-07-22", "1566-07-22", "22 July 1565–22 July 1566."
"SRO427", "", "1565-07-22", "1566-07-22", "22 July 1565–22 July 1566."
"SRO428", "", "1565-07-22", "1566-07-22", "22 July 1565–22 July 1566."
"SRO429", "", "1565-07-22", "1566-07-22", "22 July 1565–22 July 1566."
"SRO430", "", "1565-07-22", "1566-07-22", "22 July 1565–22 July 1566."
"SRO431", "", "1565-07-22", "1566-07-22", "22 July 1565–22 July 1566."
"SRO432", "", "1565-07-22", "1566-07-22", "22 July 1565–22 July 1566."
"SRO433", "", "1565-07-22", "1566-07-22", "22 July 1565–22 July 1566."
"SRO434", "", "1565-07-22", "1566-07-22", "22 July 1565–22 July 1566."
"SRO435", "", "1565-07-22", "1566-07-22", "22 July 1565–22 July 1566."
"SRO436", "", "1565-07-22", "1566-07-22", "22 July 1565–22 July 1566."
"SRO437", "", "1565-07-22", "1566-07-22", "22 July 1565–22 July 1566."
"SRO438", "", "1565-07-22", "1566-07-22", "22 July 1565–22 July 1566."
"SRO439", "", "1565-07-22", "1566-07-22", "22 July 1565–22 July 1566."
"SRO440", "", "1565-07-22", "1566-07-22", "22 July 1565–22 July 1566."
"SRO441", "", "1565-07-22", "1566-07-22", "22 July 1565–22 July 1566."
"SRO442", "", "1565-07-22", "1566-07-22", "22 July 1565–22 July 1566."
"SRO443", "", "1565-07-22", "1566-07-22", "22 July 1565–22 July 1566."
"SRO444", "", "1565-07-22", "1566-07-22", "22 July 1565–22 July 1566."
"SRO445", "", "1565-07-22", "1566-07-22", "22 July 1565–22 July 1566."
"SRO446", "", "1565-07-22", "1566-07-22", "22 July 1565–22 July 1566."
"SRO447", "", "1565-07-22", "1566-07-22", "22 July 1565–22 July 1566."
"SRO448", "", "1565-07-22", "1566-07-22", "22 July 1565–22 July 1566."
"SRO449", "", "1565-07-22", "1566-07-22", "22 July 1565–22 July 1566."
"SRO450", "", "1565-07-22", "1566-07-22", "22 July 1565–22 July 1566."
"SRO451", "", "1565-07-22", "1566-07-22", "22 July 1565–22 July 1566."
"SRO452", "", "1565-07-22", "1566-07-22", "22 July 1565–22 July 1566."
"SRO453", "", "1565-07-22", "1566-07-22", "22 July 1565–22 July 1566."
"SRO454", "", "1565-07-22", "1566-07-22", "22 July 1565–22 July 1566."
"SRO455", "", "1565-07-22", "1566-07-22", "22 July 1565–22 July 1566."
"SRO456", "", "1565-07-22", "1566-07-22", "22 July 1565–22 July 1566."
"SRO457", "", "1565-07-22", "1566-07-22", "22 July 1565–22 July 1566."
"SRO458", "", "1565-07-22", "1566-07-22", "22 July 1565–22 July 1566."
"SRO459", "", "1565-07-22", "1566-07-22", "22 July 1565–22 July 1566."
"SRO460", "", "1565-07-22", "1566-07-22", "22 July 1565–22 July 1566."
"SRO461", "", "1565-07-22", "1566-07-22", "22 July 1565–22 July 1566."
"SRO462", "", "1565-07-22", "1566-07-22", "22 July 1565–22 July 1566."
"SRO463", "", "1565-07-22", "1566-07-22", "22 July 1565–22 July 1566."
"SRO464", "", "1565-07-22", "1566-07-22", "22 July 1565–22 July 1566."
"SRO465", "", "1565-07-22", "1566-07-22", "22 July 1565–22 July 1566."
"SRO466", "", "1565-07-22", "1566-07-22", "22 July 1565–22 July 1566."
"SRO467", "", "1565-07-22", "1566-07-22", "22 July 1565–22 July 1566."
"SRO468", "", "1565-07-22", "1566-07-22", "22 July 1565–22 July 1566."
"SRO469", "", "1565-07-22", "1566-07-22", "22 July 1565–22 July 1566."
"SRO470", "", "1565-07-22", "1566-07-22", "22 July 1565–22 July 1566."
"SRO471", "", "1565-07-22", "1566-07-22", "22 July 1565–22 July 1566."
"SRO472", "", "1565-07-22", "1566-07-22", "22 July 1565–22 July 1566."
"SRO473", "", "1565-07-22", "1566-07-22", "22 July 1565–22 July 1566."
"SRO474", "", "1565-07-22", "1566-07-22", "22 July 1565–22 July 1566."
"SRO475", "", "1565-07-22", "1566-07-22", "22 July 1565–22 July 1566."
"SRO476", "", "1565-07-22", "1566-07-22", "22 July 1565–22 July 1566."
"SRO477", "", "1565-07-22", "1566-07-22", "22 July 1565–22 July 1566."
"SRO478", "", "1565-07-22", "1566-07-22", "22 July 1565–22 July 1566."
"SRO479", "", "1565-07-22", "1566-07-22", "22 July 1565–22 July 1566."
"SRO480", "", "1565-07-22", "1566-07-22", "22 July 1565–22 July 1566."
"SRO481", "", "1565-07-22", "1566-07-22", "22 July 1565–22 July 1566."
"SRO482", "", "1565-07-22", "1566-07-22", "22 July 1565–22 July 1566."
"SRO483", "", "1565-07-22", "1566-07-22", "22 July 1565–22 July 1566."
"SRO484", "", "1565-07-22", "1566-07-22", "22 July 1565–22 July 1566."
"SRO485", "", "1565-07-22", "1566-07-22", "22 July 1565–22 July 1566."
"SRO486", "", "1565-07-22", "1566-07-22", "22 July 1565–22 July 1566."
"SRO487", "", "1565-07-22", "1566-07-22", "22 July 1565–22 July 1566."
"SRO488", "", "1565-07-22", "1566-07-22", "22 July 1565–22 July 1566."
"SRO489", "", "1565-07-22", "1566-07-22", "22 July 1565–22 July 1566."
"SRO490", "", "1565-07-22", "1566-07-22", "22 July 1565–22 July 1566."
"SRO491", "", "1565-07-22", "1566-07-22", "22 July 1565–22 July 1566."
"SRO492", "", "1565-07-22", "1566-07-22", "22 July 1565–22 July 1566."
"SRO493", "", "1565-07-22", "1566-07-22", "22 July 1565–22 July 1566."
"SRO494", "", "1565-07-22", "1566-07-22", "22 July 1565–22 July 1566."
"SRO495", "", "1565-07-22", "1566-07-22", "22 July 1565–22 July 1566."
"SRO496", "", "1565-07-22", "1566-07-22", "22 July 1565–22 July 1566."
"SRO497", "", "1565-07-22", "1566-07-22", "22 July 1565–22 July 1566."
"SRO498", "", "1565-07-22", "1566-07-22", "22 July 1565–22 July 1566."
"SRO499", "", "1565-07-22", "1566-07-22", "22 July 1565–22 July 1566."
"SRO500", "", "1565-07-22", "1566-07-22", "22 July 1565–22 July 1566."
"SRO501", "", "1565-07-22", "1566-07-22", "22 July 1565–22 July 1566."
"SRO502", "", "1565-07-22", "1566-07-22", "22 July 1565–22 July 1566."
"SRO503", "", "1565-07-22", "1566-07-22", "22 July 1565–22 July 1566."
"SRO504", "", "1565-07-22", "1566-07-22", "22 July 1565–22 July 1566."
"SRO505", "", "1565-07-22", "1566-07-22", "22 July 1565–22 July 1566."
"SRO506", "", "1565-07-22", "1566-07-22", "22 July 1565–22 July 1566."
"SRO507", "", "1565-07-22", "1566-07-22", "22 July 1565–22 July 1566."
"SRO508", "", "1565-07-22", "1566-07-22", "22 July 1565–22 July 1566."
"SRO509", "", "1565-07-22", "1566-07-22", "22 July 1565–22 July 1566."
"SRO510", "", "1565-07-22", "1566-07-22", "22 July 1565–22 July 1566."
"SRO511", "", "1565-07-22", "1566-07-22", "22 July 1565–22 July 1566."
"SRO512", "", "1565-07-22", "1566-07-22", "22 July 1565–22 July 1566."
"SRO513", "", "1565-07-22", "1566-07-22", "22 July 1565–22 July 1566."
"SRO514", "", "1565-07-22", "1566-07-22", "22 July 1565–22 July 1566."
"SRO515", "", "1565-07-22", "1566-07-22", "22 July 1565–22 July 1566."
"SRO516", "", "1565-07-22", "1566-07-22", "22 July 1565–22 July 1566."
"SRO517", "", "1565-07-22", "1566-07-22", "22 July 1565–22 July 1566."
"SRO518", "", "1565-07-22", "1566-07-22", "22 July 1565–22 July 1566."
"SRO519", "", "1565-07-22", "1566-07-22", "22 July 1565–22 July 1566."
"SRO520", "", "1565-07-22", "1566-07-22", "22 July 1565–22 July 1566."
"SRO521", "", "1565-07-22", "1566-07-22", "22 July 1565–22 July 1566."
"SRO522", "", "1565-07-22", "1566-07-22", "22 July 1565–22 July 1566."
"SRO523", "", "1565-07-22", "1566-07-22", "22 July 1565–22 July 1566."
"SRO524", "", "1565-07-22", "1566-07-22", "22 July 1565–22 July 1566."
"SRO525", "", "1565-07-22", "1566-07-22", "22 July 1565–22 July 1566."
"SRO526", "", "1565-07-22", "1566-07-22", "22 July 1565–22 July 1566."
"SRO527", "", "1565-07-22", "1566-07-22", "22 July 1565–22 July 1566."
"SRO528", "", "1565-07-22", "1566-07-22", "22 July 1565–22 July 1566."
"SRO529", "", "1565-07-22", "1566-07-22", "22 July 1565–22 July 1566."
"SRO530", "", "1565-07-22", "1566-07-22", "22 July 1565–22 July 1566."
"SRO531", "", "1565-07-22", "1566-07-22", "22 July 1565–22 July 1566."
"SRO532", "", "1565-07-22", "1566-07-22", "22 July 1565–22 July 1566."
"SRO533", "", "1565-07-22", "1566-07-22", "22 July 1565–22 July 1566."
"SRO534", "", "1565-07-22", "1566-07-22", "22 July 1565–22 July 1566."
"SRO535", "", "1565-07-22", "1566-07-22", "22 July 1565–22 July 1566."
"SRO536", "", "1565-07-22", "1566-07-22", "22 July 1565–22 July 1566."
"SRO537", "", "1565-07-22", "1566-07-22", "22 July 1565–22 July 1566."
"SRO538", "", "1565-07-22", "1566-07-22", "22 July 1565–22 July 1566."
"SRO539", "", "1565-07-22", "1566-07-22", "22 July 1565–22 July 1566."
"SRO540", "", "1565-07-22", "1566-07-22", "22 July 1565–22 July 1566."
"SRO541", "", "1565-07-22", "1566-07-22", "22 July 1565–22 July 1566."
"SRO542", "", "1565-07-22", "1566-07-22", "22 July 1565–22 July 1566."
"SRO543", "", "1565-07-22", "1566-07-22", "22 July 1565–22 July 1566."
"SRO544", "", "1565-07-22", "1566-07-22", "22 July 1565–22 July 1566."
"SRO545", "", "1565-07-22", "1566-07-22", "22 July 1565–22 July 1566."
"SRO546", "", "1565-07-22", "1566-07-22", "22 July 1565–22 July 1566."
"SRO547", "", "1565-07-22", "1566-07-22", "22 July 1565–22 July 1566."
"SRO548", "", "1565-07-22", "1566-07-22", "22 July 1565–22 July 1566."
"SRO549", "", "1565-07-22", "1566-07-22", "22 July 1565–22 July 1566."
"SRO550", "", "1565-07-22", "1566-07-22", "22 July 1565–22 July 1566."
"SRO551", "", "1565-07-22", "1566-07-22", "22 July 1565–22 July 1566."
"SRO552", "", "1565-07-22", "1566-07-22", "22 July 1565–22 July 1566."
"SRO553", "", "1565-07-22", "1566-07-22", "22 July 1565–22 July 1566."
"SRO554", "", "1565-07-22", "1566-07-22", "22 July 1565–22 July 1566."
"SRO555", "", "1565-07-22", "1566-07-22", "22 July 1565–22 July 1566."
"SRO556", "", "1565-07-22", "1566-07-22", "22 July 1565–22 July 1566."
"SRO557", "", "1565-07-22", "1566-07-22", "22 July 1565–22 July 1566."
"SRO558", "", "1565-07-22", "1566-07-22", "22 July 1565–22 July 1566."
"SRO559", "", "1565-07-22", "1566-07-22", "22 July 1565–22 July 1566."
"SRO560", "", "1565-07-22", "1566-07-22", "22 July 1565–22 July 1566."
"SRO561", "", "1565-07-22", "1566-07-22", "22 July 1565–22 July 1566."
"SRO562", "", "1565-07-22", "1566-07-22", "22 July 1565–22 July 1566."
"SRO563", "", "1565-07-22", "1566-07-22", "22 July 1565–22 July 1566."
"SRO564", "", "1565-07-22", "1566-07-22", "22 July 1565–22 July 1566."
"SRO565", "", "1565-07-22", "1566-07-22", "22 July 1565–22 July 1566."
"SRO566", "", "1565-07-22", "1566-07-22", "22 July 1565–22 July 1566."
"SRO567", "", "1565-07-22", "1566-07-22", "22 July 1565–22 July 1566."
"SRO568", "", "1565-07-22", "1566-07-22", "22 July 1565–22 July 1566."
"SRO569", "", "1565-07-22", "1566-07-22", "22 July 1565–22 July 1566."
"SRO570", "", "1565-07-22", "1566-07-22", "22 July 1565–22 July 1566."
"SRO571", "", "1565-07-22", "1566-07-22", "22 July 1565–22 July 1566."
"SRO572", "", "1565-07-22", "1566-07-22", "22 July 1565–22 July 1566."
"SRO573", "", "1565-07-22", "1566-07-22", "22 July 1565–22 July 1566."
"SRO574", "", "1565-07-22", "1566-07-22", "22 July 1565–22 July 1566."
"SRO575", "", "1565-07-22", "1566-07-22", "22 July 1565–22 July 1566."
"SRO576", "", "1565-07-22", "1566-07-22", "22 July 1565–22 July 1566."
"SRO577", "", "1565-07-22", "1566-07-22", "22 July 1565–22 July 1566."
"SRO578", "", "1565-07-22", "1566-07-22", "22 July 1565–22 July 1566."
"SRO579", "", "1565-07-22", "1566-07-22", "22 July 1565–22 July 1566."
"SRO580", "", "1565-07-22", "1566-07-22", "22 July 1565–22 July 1566."
"SRO581", "", "1565-07-22", "1566-07-22", "22 July 1565–22 July 1566."
"SRO582", "", "1565-07-22", "1566-07-22", "22 July 1565–22 July 1566."
"SRO583", "", "1565-07-22", "1566-07-22", "22 July 1565–22 July 1566."
"SRO584", "", "1565-07-22", "1566-07-22", "22 July 1565–22 July 1566."
"SRO585", "", "1565-07-22", "1566-07-22", "22 July 1565–22 July 1566."
"SRO586", "", "1565-07-22", "1566-07-22", "22 July 1565–22 July 1566."
"SRO587", "", "1565-07-22", "1566-07-22", "22 July 1565–22 July 1566."
"SRO588", "", "1565-07-22", "1566-07-22", "22 July 1565–22 July 1566."
"SRO589", "", "1565-07-22", "1566-07-22", "22 July 1565–22 July 1566."
"SRO590", "", "1565-07-22", "1566-07-22", "22 July 1565–22 July 1566."
"SRO591", "", "1565-07-22", "1566-07-22", "22 July 1565–22 July 1566."
"SRO592", "", "1565-07-22", "1566-07-22", "22 July 1565–22 July 1566."
"SRO593", "", "1565-07-22", "1566-07-22", "22 July 1565–22 July 1566."
"SRO594", "", "1566-07-22", "1567-07-22", "22 July 1566–22 July 1567."
"SRO595", "", "1566-07-22", "1567-07-22", "22 July 1566–22 July 1567."
"SRO596", "", "1566-07-22", "1567-07-22", "22 July 1566–22 July 1567."
"SRO597", "", "1566-07-22", "1567-07-22", "22 July 1566–22 July 1567."
"SRO598", "", "1566-07-22", "1567-07-22", "22 July 1566–22 July 1567."
"SRO599", "", "1566-07-22", "1567-07-22", "22 July 1566–22 July 1567."
"SRO600", "", "1566-07-22", "1567-07-22", "22 July 1566–22 July 1567."
"SRO601", "", "1566-07-22", "1567-07-22", "22 July 1566–22 July 1567."
"SRO602", "", "1566-07-22", "1567-07-22", "22 July 1566–22 July 1567."
"SRO603", "", "1566-07-22", "1567-07-22", "22 July 1566–22 July 1567."
"SRO604", "", "1566-07-22", "1567-07-22", "22 July 1566–22 July 1567."
"SRO605", "", "1566-07-22", "1567-07-22", "22 July 1566–22 July 1567."
"SRO606", "", "1566-07-22", "1567-07-22", "22 July 1566–22 July 1567."
"SRO607", "", "1566-07-22", "1567-07-22", "22 July 1566–22 July 1567."
"SRO608", "", "1566-07-22", "1567-07-22", "22 July 1566–22 July 1567."
"SRO609", "", "1566-07-22", "1567-07-22", "22 July 1566–22 July 1567."
"SRO610", "", "1566-07-22", "1567-07-22", "22 July 1566–22 July 1567."
"SRO611", "", "1566-07-22", "1567-07-22", "22 July 1566–22 July 1567."
"SRO612", "", "1566-07-22", "1567-07-22", "22 July 1566–22 July 1567."
"SRO613", "", "1566-07-22", "1567-07-22", "22 July 1566–22 July 1567."
"SRO614", "", "1566-07-22", "1567-07-22", "22 July 1566–22 July 1567."
"SRO615", "", "1566-07-22", "1567-07-22", "22 July 1566–22 July 1567."
"SRO616", "", "1566-07-22", "1567-07-22", "22 July 1566–22 July 1567."
"SRO617", "", "1566-07-22", "1567-07-22", "22 July 1566–22 July 1567."
"SRO618", "", "1566-07-22", "1567-07-22", "22 July 1566–22 July 1567."
"SRO619", "", "1566-07-22", "1567-07-22", "22 July 1566–22 July 1567."
"SRO620", "", "1566-07-22", "1567-07-22", "22 July 1566–22 July 1567."
"SRO621", "", "1566-07-22", "1567-07-22", "22 July 1566–22 July 1567."
"SRO622", "", "1566-07-22", "1567-07-22", "22 July 1566–22 July 1567."
"SRO623", "", "1566-07-22", "1567-07-22", "22 July 1566–22 July 1567."
"SRO624", "", "1566-07-22", "1567-07-22", "22 July 1566–22 July 1567."
"SRO625", "", "1566-07-22", "1567-07-22", "22 July 1566–22 July 1567."
"SRO626", "", "1566-07-22", "1567-07-22", "22 July 1566–22 July 1567."
"SRO627", "", "1566-07-22", "1567-07-22", "22 July 1566–22 July 1567."
"SRO628", "", "1566-07-22", "1567-07-22", "22 July 1566–22 July 1567."
"SRO629", "", "1566-07-22", "1567-07-22", "22 July 1566–22 July 1567."
"SRO630", "", "1566-07-22", "1567-07-22", "22 July 1566–22 July 1567."
"SRO631", "", "1566-07-22", "1567-07-22", "22 July 1566–22 July 1567."
"SRO632", "", "1566-07-22", "1567-07-22", "22 July 1566–22 July 1567."
"SRO633", "", "1566-07-22", "1567-07-22", "22 July 1566–22 July 1567."
"SRO634", "", "1566-07-22", "1567-07-22", "22 July 1566–22 July 1567."
"SRO635", "", "1566-07-22", "1567-07-22", "22 July 1566–22 July 1567."
"SRO636", "", "1566-07-22", "1567-07-22", "22 July 1566–22 July 1567."
"SRO637", "", "1566-07-22", "1567-07-22", "22 July 1566–22 July 1567."
"SRO638", "", "1566-07-22", "1567-07-22", "22 July 1566–22 July 1567."
"SRO639", "", "1566-07-22", "1567-07-22", "22 July 1566–22 July 1567."
"SRO640", "", "1566-07-22", "1567-07-22", "22 July 1566–22 July 1567."
"SRO641", "", "1566-07-22", "1567-07-22", "22 July 1566–22 July 1567."
"SRO642", "", "1566-07-22", "1567-07-22", "22 July 1566–22 July 1567."
"SRO643", "", "1566-07-22", "1567-07-22", "22 July 1566–22 July 1567."
"SRO644", "", "1566-07-22", "1567-07-22", "22 July 1566–22 July 1567."
"SRO645", "", "1566-07-22", "1567-07-22", "22 July 1566–22 July 1567."
"SRO646", "", "1566-07-22", "1567-07-22", "22 July 1566–22 July 1567."
"SRO647", "", "1566-07-22", "1567-07-22", "22 July 1566–22 July 1567."
"SRO648", "", "1566-07-22", "1567-07-22", "22 July 1566–22 July 1567."
"SRO649", "", "1566-07-22", "1567-07-22", "22 July 1566–22 July 1567."
"SRO650", "", "1566-07-22", "1567-07-22", "22 July 1566–22 July 1567."
"SRO651", "", "1566-07-22", "1567-07-22", "22 July 1566–22 July 1567."
"SRO652", "", "1566-07-22", "1567-07-22", "22 July 1566–22 July 1567."
"SRO653", "", "1566-07-22", "1567-07-22", "22 July 1566–22 July 1567."
"SRO654", "", "1566-07-22", "1567-07-22", "22 July 1566–22 July 1567."
"SRO655", "", "1566-07-22", "1567-07-22", "22 July 1566–22 July 1567."
"SRO656", "", "1566-07-22", "1567-07-22", "22 July 1566–22 July 1567."
"SRO657", "", "1566-07-22", "1567-07-22", "22 July 1566–22 July 1567."
"SRO658", "", "1566-07-22", "1567-07-22", "22 July 1566–22 July 1567."
"SRO659", "", "1566-07-22", "1567-07-22", "22 July 1566–22 July 1567."
"SRO660", "", "1566-07-22", "1567-07-22", "22 July 1566–22 July 1567."
"SRO661", "", "1566-07-22", "1567-07-22", "22 July 1566–22 July 1567."
"SRO662", "", "1566-07-22", "1567-07-22", "22 July 1566–22 July 1567."
"SRO663", "", "1566-07-22", "1567-07-22", "22 July 1566–22 July 1567."
"SRO664", "", "1566-07-22", "1567-07-22", "22 July 1566–22 July 1567."
"SRO665", "", "1566-07-22", "1567-07-22", "22 July 1566–22 July 1567."
"SRO666", "", "1566-07-22", "1567-07-22", "22 July 1566–22 July 1567."
"SRO667", "", "1566-07-22", "1567-07-22", "22 July 1566–22 July 1567."
"SRO668", "", "1566-07-22", "1567-07-22", "22 July 1566–22 July 1567."
"SRO669", "", "1566-07-22", "1567-07-22", "22 July 1566–22 July 1567."
"SRO670", "", "1566-07-22", "1567-07-22", "22 July 1566–22 July 1567."
"SRO671", "", "1566-07-22", "1567-07-22", "22 July 1566–22 July 1567."
"SRO672", "", "1566-07-22", "1567-07-22", "22 July 1566–22 July 1567."
"SRO673", "", "1566-07-22", "1567-07-22", "22 July 1566–22 July 1567."
"SRO674", "", "1566-07-22", "1567-07-22", "22 July 1566–22 July 1567."
"SRO675", "", "1566-07-22", "1567-07-22", "22 July 1566–22 July 1567."
"SRO676", "", "1566-07-22", "1567-07-22", "22 July 1566–22 July 1567."
"SRO677", "", "1566-07-22", "1567-07-22", "22 July 1566–22 July 1567."
"SRO678", "", "1566-07-22", "1567-07-22", "22 July 1566–22 July 1567."
"SRO679", "", "1566-07-22", "1567-07-22", "22 July 1566–22 July 1567."
"SRO680", "", "1566-07-22", "1567-07-22", "22 July 1566–22 July 1567."
"SRO681", "", "1566-07-22", "1567-07-22", "22 July 1566–22 July 1567."
"SRO682", "", "1566-07-22", "1567-07-22", "22 July 1566–22 July 1567."
"SRO683", "", "1566-07-22", "1567-07-22", "22 July 1566–22 July 1567."
"SRO684", "", "1566-07-22", "1567-07-22", "22 July 1566–22 July 1567."
"SRO685", "", "1566-07-22", "1567-07-22", "22 July 1566–22 July 1567."
"SRO686", "", "1566-07-22", "1567-07-22", "22 July 1566–22 July 1567."
"SRO687", "", "1566-07-22", "1567-07-22", "22 July 1566–22 July 1567."
"SRO688", "", "1566-07-22", "1567-07-22", "22 July 1566–22 July 1567."
"SRO689", "", "1566-07-22", "1567-07-22", "22 July 1566–22 July 1567."
"SRO690", "", "1566-07-22", "1567-07-22", "22 July 1566–22 July 1567."
"SRO691", "", "1566-07-22", "1567-07-22", "22 July 1566–22 July 1567."
"SRO692", "", "1566-07-22", "1567-07-22", "22 July 1566–22 July 1567."
"SRO693", "", "1566-07-22", "1567-07-22", "22 July 1566–22 July 1567."
"SRO694", "", "1566-07-22", "1567-07-22", "22 July 1566–22 July 1567."
"SRO695", "", "1566-07-22", "1567-07-22", "22 July 1566–22 July 1567."
"SRO696", "", "1566-07-22", "1567-07-22", "22 July 1566–22 July 1567."
"SRO697", "", "1566-07-22", "1567-07-22", "22 July 1566–22 July 1567."
"SRO698", "", "1566-07-22", "1567-07-22", "22 July 1566–22 July 1567."
"SRO699", "", "1566-07-22", "1567-07-22", "22 July 1566–22 July 1567."
"SRO700", "", "1566-07-22", "1567-07-22", "22 July 1566–22 July 1567."
"SRO701", "", "1566-07-22", "1567-07-22", "22 July 1566–22 July 1567."
"SRO702", "", "1566-07-22", "1567-07-22", "22 July 1566–22 July 1567."
"SRO703", "", "1566-07-22", "1567-07-22", "22 July 1566–22 July 1567."
"SRO704", "", "1566-07-22", "1567-07-22", "22 July 1566–22 July 1567."
"SRO705", "", "1566-07-22", "1567-07-22", "22 July 1566–22 July 1567."
"SRO706", "", "1566-07-22", "1567-07-22", "22 July 1566–22 July 1567."
"SRO707", "", "1566-07-22", "1567-07-22", "22 July 1566–22 July 1567."
"SRO708", "", "1566-07-22", "1567-07-22", "22 July 1566–22 July 1567."
"SRO709", "", "1566-07-22", "1567-07-22", "22 July 1566–22 July 1567."
"SRO710", "", "1566-07-22", "1567-07-22", "22 July 1566–22 July 1567."
"SRO711", "", "1566-07-22", "1567-07-22", "22 July 1566–22 July 1567."
"SRO712", "", "1566-07-22", "1567-07-22", "22 July 1566–22 July 1567."
"SRO713", "", "1566-07-22", "1567-07-22", "22 July 1566–22 July 1567."
"SRO714", "", "1566-07-22", "1567-07-22", "22 July 1566–22 July 1567."
"SRO715", "", "1566-07-22", "1567-07-22", "22 July 1566–22 July 1567."
"SRO716", "", "1566-07-22", "1567-07-22", "22 July 1566–22 July 1567."
"SRO717", "", "1566-07-22", "1567-07-22", "22 July 1566–22 July 1567."
"SRO718", "", "1566-07-22", "1567-07-22", "22 July 1566–22 July 1567."
"SRO719", "", "1566-07-22", "1567-07-22", "22 July 1566–22 July 1567."
"SRO720", "", "1566-07-22", "1567-07-22", "22 July 1566–22 July 1567."
"SRO721", "", "1566-07-22", "1567-07-22", "22 July 1566–22 July 1567."
"SRO722", "", "1566-07-22", "1567-07-22", "22 July 1566–22 July 1567."
"SRO723", "", "1566-07-22", "1567-07-22", "22 July 1566–22 July 1567."
"SRO724", "", "1566-07-22", "1567-07-22", "22 July 1566–22 July 1567."
"SRO725", "", "1566-07-22", "1567-07-22", "22 July 1566–22 July 1567."
"SRO726", "", "1566-07-22", "1567-07-22", "22 July 1566–22 July 1567."
"SRO727", "", "1566-07-22", "1567-07-22", "22 July 1566–22 July 1567."
"SRO728", "", "1566-07-22", "1567-07-22", "22 July 1566–22 July 1567."
"SRO729", "", "1566-07-22", "1567-07-22", "22 July 1566–22 July 1567."
"SRO730", "", "1566-07-22", "1567-07-22", "22 July 1566–22 July 1567."
"SRO731", "", "1566-07-22", "1567-07-22", "22 July 1566–22 July 1567."
"SRO732", "", "1566-07-22", "1567-07-22", "22 July 1566–22 July 1567."
"SRO733", "", "1566-07-22", "1567-07-22", "22 July 1566–22 July 1567."
"SRO734", "", "1567-07-22", "1568-07-22", "22 July 1567–22 July 1568."
"SRO735", "", "1567-07-22", "1568-07-22", "22 July 1567–22 July 1568."
"SRO736", "", "1567-07-22", "1568-07-22", "22 July 1567–22 July 1568."
"SRO737", "", "1567-07-22", "1568-07-22", "22 July 1567–22 July 1568."
"SRO738", "", "1567-07-22", "1568-07-22", "22 July 1567–22 July 1568."
"SRO739", "", "1567-07-22", "1568-07-22", "22 July 1567–22 July 1568."
"SRO740", "", "1567-07-22", "1568-07-22", "22 July 1567–22 July 1568."
"SRO741", "", "1567-07-22", "1568-07-22", "22 July 1567–22 July 1568."
"SRO742", "", "1567-07-22", "1568-07-22", "22 July 1567–22 July 1568."
"SRO743", "", "1567-07-22", "1568-07-22", "22 July 1567–22 July 1568"
"SRO744", "", "1567-07-22", "1568-07-22", "22 July 1567–22 July 1568"
"SRO745", "", "1567-07-22", "1568-07-22", "22 July 1567–22 July 1568"
"SRO746", "", "1567-07-22", "1568-07-22", "22 July 1567–22 July 1568"
"SRO747", "", "1567-07-22", "1568-07-22", "22 July 1567–22 July 1568"
"SRO748", "", "1567-07-22", "1568-07-22", "22 July 1567–22 July 1568"
"SRO749", "", "1567-07-22", "1568-07-22", "22 July 1567–22 July 1568"
"SRO750", "", "1567-07-22", "1568-07-22", "22 July 1567–22 July 1568"
"SRO751", "", "1567-07-22", "1568-07-22", "22 July 1567–22 July 1568"
"SRO752", "", "1567-07-22", "1568-07-22", "22 July 1567–22 July 1568"
"SRO753", "", "1566-07-22", "1568-07-22", "22 July 1566–22 July 1568."
"SRO754", "", "1566-07-22", "1568-07-22", "22 July 1566–22 July 1568."
"SRO755", "", "1566-07-22", "1568-07-22", "22 July 1566–22 July 1568."
"SRO756", "", "1566-07-22", "1568-07-22", "22 July 1566–22 July 1568."
"SRO757", "", "1566-07-22", "1568-07-22", "22 July 1566–22 July 1568."
"SRO758", "", "1566-07-22", "1568-07-22", "22 July 1566–22 July 1568."
"SRO759", "", "1566-07-22", "1568-07-22", "22 July 1566–22 July 1568."
"SRO760", "", "1566-07-22", "1568-07-22", "22 July 1566–22 July 1568."
"SRO761", "", "1566-07-22", "1568-07-22", "22 July 1566–22 July 1568."
"SRO762", "", "1566-07-22", "1568-07-22", "22 July 1566–22 July 1568."
"SRO763", "", "1566-07-22", "1568-07-22", "22 July 1566–22 July 1568."
"SRO764", "", "1567-07-22", "1568-07-22", "22 July 1567–22 July 1568"
"SRO765", "", "1567-07-22", "1568-07-22", "22 July 1567–22 July 1568"
"SRO766", "", "1567-07-22", "1568-07-22", "22 July 1567–22 July 1568"
"SRO767", "", "1567-07-22", "1568-07-22", "22 July 1567–22 July 1568"
"SRO768", "", "1567-07-22", "1568-07-22", "22 July 1567–22 July 1568"
"SRO769", "", "1567-07-22", "1568-07-22", "22 July 1567–22 July 1568"
"SRO770", "", "1567-07-22", "1568-07-22", "22 July 1567–22 July 1568"
"SRO771", "", "1567-07-22", "1568-07-22", "22 July 1567–22 July 1568"
"SRO772", "", "1567-07-22", "1568-07-22", "22 July 1567–22 July 1568"
"SRO773", "", "1567-07-22", "1568-07-22", "22 July 1567–22 July 1568"
"SRO774", "", "1566-07-22", "1568-07-22", "22 July 1566–22 July 1568."
"SRO775", "", "1566-07-22", "1568-07-22", "22 July 1566–22 July 1568."
"SRO776", "", "1566-07-22", "1568-07-22", "22 July 1566–22 July 1568."
"SRO777", "", "1566-07-22", "1568-07-22", "22 July 1566–22 July 1568."
"SRO778", "", "1566-07-22", "1568-07-22", "22 July 1566–22 July 1568."
"SRO779", "", "1566-07-22", "1568-07-22", "22 July 1566–22 July 1568."
"SRO780", "", "1566-07-22", "1568-07-22", "22 July 1566–22 July 1568."
"SRO781", "", "1566-07-22", "1568-07-22", "22 July 1566–22 July 1568."
"SRO782", "", "1566-07-22", "1568-07-22", "22 July 1566–22 July 1568."
"SRO783", "", "1566-07-22", "1568-07-22", "22 July 1566–22 July 1568."
"SRO784", "", "1567-07-22", "1568-07-22", "22 July 1567–22 July 1568"
"SRO785", "", "1567-07-22", "1568-07-22", "22 July 1567–22 July 1568"
"SRO786", "", "1567-07-22", "1568-07-22", "22 July 1567–22 July 1568"
"SRO787", "", "1567-07-22", "1568-07-22", "22 July 1567–22 July 1568"
"SRO788", "", "1567-07-22", "1568-07-22", "22 July 1567–22 July 1568"
"SRO789", "", "1567-07-22", "1568-07-22", "22 July 1567–22 July 1568"
"SRO790", "", "1567-07-22", "1568-07-22", "22 July 1567–22 July 1568"
"SRO791", "", "1567-07-22", "1568-07-22", "22 July 1567–22 July 1568"
"SRO792", "", "1567-07-22", "1568-07-22", "22 July 1567–22 July 1568"
"SRO793", "", "1567-07-22", "1568-07-22", "22 July 1567–22 July 1568"
"SRO794", "", "1567-07-22", "1568-07-22", "22 July 1567–22 July 1568"
"SRO795", "", "1566-07-22", "1568-07-22", "22 July 1566–22 July 1568."
"SRO796", "", "1566-07-22", "1568-07-22", "22 July 1566–22 July 1568."
"SRO797", "", "1566-07-22", "1568-07-22", "22 July 1566–22 July 1568."
"SRO798", "", "1566-07-22", "1568-07-22", "22 July 1566–22 July 1568."
"SRO799", "", "1566-07-22", "1568-07-22", "22 July 1566–22 July 1568."
"SRO800", "", "1566-07-22", "1568-07-22", "22 July 1566–22 July 1568."
"SRO801", "", "1566-07-22", "1568-07-22", "22 July 1566–22 July 1568."
"SRO802", "", "1566-07-22", "1568-07-22", "22 July 1566–22 July 1568."
"SRO803", "", "1566-07-22", "1568-07-22", "22 July 1566–22 July 1568."
"SRO804", "", "1566-07-22", "1568-07-22", "22 July 1566–22 July 1568."
"SRO805", "", "1567-07-22", "1568-07-22", "22 July 1567–22 July 1568"
"SRO806", "", "1567-07-22", "1568-07-22", "22 July 1567–22 July 1568"
"SRO807", "", "1567-07-22", "1568-07-22", "22 July 1567–22 July 1568"
"SRO808", "", "1567-07-22", "1568-07-22", "22 July 1567–22 July 1568"
"SRO809", "", "1567-07-22", "1568-07-22", "22 July 1567–22 July 1568"
"SRO810", "", "1567-07-22", "1568-07-22", "22 July 1567–22 July 1568"
"SRO811", "", "1567-07-22", "1568-07-22", "22 July 1567–22 July 1568"
"SRO812", "", "1567-07-22", "1568-07-22", "22 July 1567–22 July 1568"
"SRO813", "", "1567-07-22", "1568-07-22", "22 July 1567–22 July 1568"
"SRO814", "", "1567-07-22", "1568-07-22", "22 July 1567–22 July 1568"
"SRO815", "", "1567-07-22", "1568-07-22", "22 July 1567–22 July 1568"
"SRO816", "", "1566-07-22", "1568-07-22", "22 July 1566–22 July 1568."
"SRO817", "", "1566-07-22", "1568-07-22", "22 July 1566–22 July 1568."
"SRO818", "", "1566-07-22", "1568-07-22", "22 July 1566–22 July 1568."
"SRO819", "", "1566-07-22", "1568-07-22", "22 July 1566–22 July 1568."
"SRO820", "", "1566-07-22", "1568-07-22", "22 July 1566–22 July 1568."
"SRO821", "", "1566-07-22", "1568-07-22", "22 July 1566–22 July 1568."
"SRO822", "", "1566-07-22", "1568-07-22", "22 July 1566–22 July 1568."
"SRO823", "", "1566-07-22", "1568-07-22", "22 July 1566–22 July 1568."
"SRO824", "", "1566-07-22", "1568-07-22", "22 July 1566–22 July 1568."
"SRO825", "", "1566-07-22", "1568-07-22", "22 July 1566–22 July 1568."
"SRO826", "", "1567-07-22", "1568-07-22", "22 July 1567–22 July 1568"
"SRO827", "", "1567-07-22", "1568-07-22", "22 July 1567–22 July 1568"
"SRO828", "", "1567-07-22", "1568-07-22", "22 July 1567–22 July 1568"
"SRO829", "", "1567-07-22", "1568-07-22", "22 July 1567–22 July 1568"
"SRO830", "", "1567-07-22", "1568-07-22", "22 July 1567–22 July 1568"
"SRO831", "", "1567-07-22", "1568-07-22", "22 July 1567–22 July 1568"
"SRO832", "", "1567-07-22", "1568-07-22", "22 July 1567–22 July 1568"
"SRO833", "", "1567-07-22", "1568-07-22", "22 July 1567–22 July 1568"
"SRO834", "", "1567-07-22", "1568-07-22", "22 July 1567–22 July 1568"
"SRO835", "", "1567-07-22", "1568-07-22", "22 July 1567–22 July 1568"
"SRO836", "", "1566-07-22", "1568-07-22", "22 July 1566–22 July 1568."
"SRO837", "", "1566-07-22", "1568-07-22", "22 July 1566–22 July 1568."
"SRO838", "", "1566-07-22", "1568-07-22", "22 July 1566–22 July 1568."
"SRO839", "", "1566-07-22", "1568-07-22", "22 July 1566–22 July 1568."
"SRO840", "", "1566-07-22", "1568-07-22", "22 July 1566–22 July 1568."
"SRO841", "", "1566-07-22", "1568-07-22", "22 July 1566–22 July 1568."
"SRO842", "", "1566-07-22", "1568-07-22", "22 July 1566–22 July 1568."
"SRO843", "", "1566-07-22", "1568-07-22", "22 July 1566–22 July 1568."
"SRO844", "", "1568-07-22", "1569-07-22", "22 July 1568–22 July 1569."
"SRO845", "", "1568-07-22", "1569-07-22", "22 July 1568–22 July 1569."
"SRO846", "", "1568-07-22", "1569-07-22", "22 July 1568–22 July 1569."
"SRO847", "", "1568-07-22", "1569-07-22", "22 July 1568–22 July 1569."
"SRO848", "", "1568-07-22", "1569-07-22", "22 July 1568–22 July 1569."
"SRO849", "", "1568-07-22", "1569-07-22", "22 July 1568–22 July 1569."
"SRO850", "", "1568-07-22", "1569-07-22", "22 July 1568–22 July 1569."
"SRO851", "", "1568-07-22", "1569-07-22", "22 July 1568–22 July 1569."
"SRO852", "", "1568-07-22", "1569-07-22", "22 July 1568–22 July 1569."
"SRO853", "", "1568-07-22", "1569-07-22", "22 July 1568–22 July 1569."
"SRO854", "", "1568-07-22", "1569-07-22", "22 July 1568–22 July 1569."
"SRO855", "", "1568-07-22", "1569-07-22", "22 July 1568–22 July 1569."
"SRO856", "", "1568-07-22", "1569-07-22", "22 July 1568–22 July 1569."
"SRO857", "", "1568-07-22", "1569-07-22", "22 July 1568–22 July 1569."
"SRO858", "", "1568-07-22", "1569-07-22", "22 July 1568–22 July 1569."
"SRO859", "", "1568-07-22", "1569-07-22", "22 July 1568–22 July 1569."
"SRO860", "", "1568-07-22", "1569-07-22", "22 July 1568–22 July 1569."
"SRO861", "", "1568-07-22", "1569-07-22", "22 July 1568–22 July 1569."
"SRO862", "", "1568-07-22", "1569-07-22", "22 July 1568–22 July 1569."
"SRO863", "", "1568-07-22", "1569-07-22", "22 July 1568–22 July 1569."
"SRO864", "", "1568-07-22", "1569-07-22", "22 July 1568–22 July 1569."
"SRO865", "", "1568-07-22", "1569-07-22", "22 July 1568–22 July 1569."
"SRO866", "", "1568-07-22", "1569-07-22", "22 July 1568–22 July 1569."
"SRO867", "", "1568-07-22", "1569-07-22", "22 July 1568–22 July 1569."
"SRO868", "", "1568-07-22", "1569-07-22", "22 July 1568–22 July 1569."
"SRO869", "", "1568-07-22", "1569-07-22", "22 July 1568–22 July 1569."
"SRO870", "", "1568-07-22", "1569-07-22", "22 July 1568–22 July 1569."
"SRO871", "", "1568-07-22", "1569-07-22", "22 July 1568–22 July 1569."
"SRO872", "", "1568-07-22", "1569-07-22", "22 July 1568–22 July 1569."
"SRO873", "", "1568-07-22", "1569-07-22", "22 July 1568–22 July 1569."
"SRO874", "", "1568-07-22", "1569-07-22", "22 July 1568–22 July 1569."
"SRO875", "", "1568-07-22", "1569-07-22", "22 July 1568–22 July 1569."
"SRO876", "", "1568-07-22", "1569-07-22", "22 July 1568–22 July 1569."
"SRO877", "", "1568-07-22", "1569-07-22", "22 July 1568–22 July 1569."
"SRO878", "", "1568-07-22", "1569-07-22", "22 July 1568–22 July 1569."
"SRO879", "", "1568-07-22", "1569-07-22", "22 July 1568–22 July 1569."
"SRO880", "", "1568-07-22", "1569-07-22", "22 July 1568–22 July 1569."
"SRO881", "", "1568-07-22", "1569-07-22", "22 July 1568–22 July 1569."
"SRO882", "", "1568-07-22", "1569-07-22", "22 July 1568–22 July 1569."
"SRO883", "", "1568-07-22", "1569-07-22", "22 July 1568–22 July 1569."
"SRO884", "", "1568-07-22", "1569-07-22", "22 July 1568–22 July 1569."
"SRO885", "", "1568-07-22", "1569-07-22", "22 July 1568–22 July 1569."
"SRO886", "", "1568-07-22", "1569-07-22", "22 July 1568–22 July 1569."
"SRO887", "", "1568-07-22", "1569-07-22", "22 July 1568–22 July 1569."
"SRO888", "", "1568-07-22", "1569-07-22", "22 July 1568–22 July 1569."
"SRO889", "", "1568-07-22", "1569-07-22", "22 July 1568–22 July 1569."
"SRO890", "", "1568-07-22", "1569-07-22", "22 July 1568–22 July 1569."
"SRO891", "", "1568-07-22", "1569-07-22", "22 July 1568–22 July 1569."
"SRO892", "", "1568-07-22", "1569-07-22", "22 July 1568–22 July 1569."
"SRO893", "", "1568-07-22", "1569-07-22", "22 July 1568–22 July 1569."
"SRO894", "", "1568-07-22", "1569-07-22", "22 July 1568–22 July 1569."
"SRO895", "", "1568-07-22", "1569-07-22", "22 July 1568–22 July 1569."
"SRO896", "", "1568-07-22", "1569-07-22", "22 July 1568–22 July 1569."
"SRO897", "", "1568-07-22", "1569-07-22", "22 July 1568–22 July 1569."
"SRO898", "", "1568-07-22", "1569-07-22", "22 July 1568–22 July 1569."
"SRO899", "", "1568-07-22", "1569-07-22", "22 July 1568–22 July 1569."
"SRO900", "", "1568-07-22", "1569-07-22", "22 July 1568–22 July 1569."
"SRO901", "", "1568-07-22", "1569-07-22", "22 July 1568–22 July 1569."
"SRO902", "", "1568-07-22", "1569-07-22", "22 July 1568–22 July 1569."
"SRO903", "", "1568-07-22", "1569-07-22", "22 July 1568–22 July 1569."
"SRO904", "", "1568-07-22", "1569-07-22", "22 July 1568–22 July 1569."
"SRO905", "", "1568-07-22", "1569-07-22", "22 July 1568–22 July 1569."
"SRO906", "", "1568-07-22", "1569-07-22", "22 July 1568–22 July 1569."
"SRO907", "", "1568-07-22", "1569-07-22", "22 July 1568–22 July 1569."
"SRO908", "", "1568-07-22", "1569-07-22", "22 July 1568–22 July 1569."
"SRO909", "", "1568-07-22", "1569-07-22", "22 July 1568–22 July 1569."
"SRO910", "", "1568-07-22", "1569-07-22", "22 July 1568–22 July 1569."
"SRO911", "", "1568-07-22", "1569-07-22", "22 July 1568–22 July 1569."
"SRO912", "", "1568-07-22", "1569-07-22", "22 July 1568–22 July 1569."
"SRO913", "", "1568-07-22", "1569-07-22", "22 July 1568–22 July 1569."
"SRO914", "", "1568-07-22", "1569-07-22", "22 July 1568–22 July 1569."
"SRO915", "", "1568-07-22", "1569-07-22", "22 July 1568–22 July 1569."
"SRO916", "", "1568-07-22", "1569-07-22", "22 July 1568–22 July 1569."
"SRO917", "", "1568-07-22", "1569-07-22", "22 July 1568–22 July 1569."
"SRO918", "", "1568-07-22", "1569-07-22", "22 July 1568–22 July 1569."
"SRO919", "", "1568-07-22", "1569-07-22", "22 July 1568–22 July 1569."
"SRO920", "", "1568-07-22", "1569-07-22", "22 July 1568–22 July 1569."
"SRO921", "", "1568-07-22", "1569-07-22", "22 July 1568–22 July 1569."
"SRO922", "", "1568-07-22", "1569-07-22", "22 July 1568–22 July 1569."
"SRO923", "", "1568-07-22", "1569-07-22", "22 July 1568–22 July 1569."
"SRO924", "", "1568-07-22", "1569-07-22", "22 July 1568–22 July 1569."
"SRO925", "", "1568-07-22", "1569-07-22", "22 July 1568–22 July 1569."
"SRO926", "", "1568-07-22", "1569-07-22", "22 July 1568–22 July 1569."
"SRO927", "", "1568-07-22", "1569-07-22", "22 July 1568–22 July 1569."
"SRO928", "", "1568-07-22", "1569-07-22", "22 July 1568–22 July 1569."
"SRO929", "", "1568-07-22", "1569-07-22", "22 July 1568–22 July 1569."
"SRO930", "", "1568-07-22", "1569-07-22", "22 July 1568–22 July 1569."
"SRO931", "", "1568-07-22", "1569-07-22", "22 July 1568–22 July 1569."
"SRO932", "", "1568-07-22", "1569-07-22", "22 July 1568–22 July 1569."
"SRO933", "", "1568-07-22", "1569-07-22", "22 July 1568–22 July 1569."
"SRO934", "", "1568-07-22", "1569-07-22", "22 July 1568–22 July 1569."
"SRO935", "", "1568-07-22", "1569-07-22", "22 July 1568–22 July 1569."
"SRO936", "", "1568-07-22", "1569-07-22", "22 July 1568–22 July 1569."
"SRO937", "", "1568-07-22", "1569-07-22", "22 July 1568–22 July 1569."
"SRO938", "", "1568-07-22", "1569-07-22", "22 July 1568–22 July 1569."
"SRO939", "", "1568-07-22", "1569-07-22", "22 July 1568–22 July 1569."
"SRO940", "", "1568-07-22", "1569-07-22", "22 July 1568–22 July 1569."
"SRO941", "", "1568-07-22", "1569-07-22", "22 July 1568–22 July 1569."
"SRO942", "", "1568-07-22", "1569-07-22", "22 July 1568–22 July 1569."
"SRO943", "", "1568-07-22", "1569-07-22", "22 July 1568–22 July 1569."
"SRO944", "", "1568-07-22", "1569-07-22", "22 July 1568–22 July 1569."
"SRO945", "", "1568-07-22", "1569-07-22", "22 July 1568–22 July 1569."
"SRO946", "", "1568-07-22", "1569-07-22", "22 July 1568–22 July 1569."
"SRO947", "", "1568-07-22", "1569-07-22", "22 July 1568–22 July 1569."
"SRO948", "", "1568-07-22", "1569-07-22", "22 July 1568–22 July 1569."
"SRO949", "", "1568-07-22", "1569-07-22", "22 July 1568–22 July 1569."
"SRO950", "", "1568-07-22", "1569-07-22", "22 July 1568–22 July 1569."
"SRO951", "", "1568-07-22", "1569-07-22", "22 July 1568–22 July 1569."
"SRO952", "", "1568-07-22", "1569-07-22", "22 July 1568–22 July 1569."
"SRO953", "", "1568-07-22", "1569-07-22", "22 July 1568–22 July 1569."
"SRO954", "", "1568-07-22", "1569-07-22", "22 July 1568–22 July 1569."
"SRO955", "", "1568-07-22", "1569-07-22", "22 July 1568–22 July 1569."
"SRO956", "", "1568-07-22", "1569-07-22", "22 July 1568–22 July 1569."
"SRO957", "", "1568-07-22", "1569-07-22", "22 July 1568–22 July 1569."
"SRO958", "", "1568-07-22", "1569-07-22", "22 July 1568–22 July 1569."
"SRO959", "", "1568-07-22", "1569-07-22", "22 July 1568–22 July 1569."
"SRO960", "", "1568-07-22", "1569-07-22", "22 July 1568–22 July 1569."
"SRO961", "", "1568-07-22", "1569-07-22", "22 July 1568–22 July 1569."
"SRO962", "", "1568-07-22", "1569-07-22", "22 July 1568–22 July 1569."
"SRO963", "", "1568-07-22", "1569-07-22", "22 July 1568–22 July 1569."
"SRO964", "", "1568-07-22", "1569-07-22", "22 July 1568–22 July 1569."
"SRO965", "", "1568-07-22", "1569-07-22", "22 July 1568–22 July 1569."
"SRO966", "", "1568-07-22", "1569-07-22", "22 July 1568–22 July 1569."
"SRO967", "", "1568-07-22", "1569-07-22", "22 July 1568–22 July 1569."
"SRO968", "", "1568-07-22", "1569-07-22", "22 July 1568–22 July 1569."
"SRO969", "", "1568-07-22", "1569-07-22", "22 July 1568–22 July 1569."
"SRO970", "", "1569-07-22", "1570-07-22", "22 July 1569–22 July 1570."
"SRO971", "", "1569-07-22", "1570-07-22", "22 July 1569–22 July 1570."
"SRO972", "", "1569-07-22", "1570-07-22", "22 July 1569–22 July 1570."
"SRO973", "", "1569-07-22", "1570-07-22", "22 July 1569–22 July 1570."
"SRO974", "", "1569-07-22", "1570-07-22", "22 July 1569–22 July 1570."
"SRO975", "", "1569-07-22", "1570-07-22", "22 July 1569–22 July 1570."
"SRO976", "", "1569-07-22", "1570-07-22", "22 July 1569–22 July 1570."
"SRO977", "", "1569-07-22", "1570-07-22", "22 July 1569–22 July 1570."
"SRO978", "", "1569-07-22", "1570-07-22", "22 July 1569–22 July 1570."
"SRO979", "", "1569-07-22", "1570-07-22", "22 July 1569–22 July 1570."
"SRO980", "", "1569-07-22", "1570-07-22", "22 July 1569–22 July 1570."
"SRO981", "", "1569-07-22", "1570-07-22", "22 July 1569–22 July 1570."
"SRO982", "", "1569-07-22", "1570-07-22", "22 July 1569–22 July 1570."
"SRO983", "", "1569-07-22", "1570-07-22", "22 July 1569–22 July 1570."
"SRO984", "", "1569-07-22", "1570-07-22", "22 July 1569–22 July 1570."
"SRO985", "", "1569-07-22", "1570-07-22", "22 July 1569–22 July 1570."
"SRO986", "", "1569-07-22", "1570-07-22", "22 July 1569–22 July 1570."
"SRO987", "", "1569-07-22", "1570-07-22", "22 July 1569–22 July 1570."
"SRO988", "", "1569-07-22", "1570-07-22", "22 July 1569–22 July 1570."
"SRO989", "", "1569-07-22", "1570-07-22", "22 July 1569–22 July 1570."
"SRO990", "", "1569-07-22", "1570-07-22", "22 July 1569–22 July 1570."
"SRO991", "", "1569-07-22", "1570-07-22", "22 July 1569–22 July 1570."
"SRO992", "", "1569-07-22", "1570-07-22", "22 July 1569–22 July 1570."
"SRO993", "", "1569-07-22", "1570-07-22", "22 July 1569–22 July 1570."
"SRO994", "", "1569-07-22", "1570-07-22", "22 July 1569–22 July 1570."
"SRO995", "", "1569-07-22", "1570-07-22", "22 July 1569–22 July 1570."
"SRO996", "", "1569-07-22", "1570-07-22", "22 July 1569–22 July 1570."
"SRO997", "", "1569-07-22", "1570-07-22", "22 July 1569–22 July 1570."
"SRO998", "", "1569-07-22", "1570-07-22", "22 July 1569–22 July 1570."
"SRO999", "", "1569-07-22", "1570-07-22", "22 July 1569–22 July 1570."
"SRO1000", "", "1569-07-22", "1570-07-22", "22 July 1569–22 July 1570."
"SRO1001", "", "1569-07-22", "1570-07-22", "22 July 1569–22 July 1570."
"SRO1002", "", "1569-07-22", "1570-07-22", "22 July 1569–22 July 1570."
"SRO1003", "", "1569-07-22", "1570-07-22", "22 July 1569–22 July 1570."
"SRO1004", "", "1569-07-22", "1570-07-22", "22 July 1569–22 July 1570."
"SRO1005", "", "1569-07-22", "1570-07-22", "22 July 1569–22 July 1570."
"SRO1006", "", "1569-07-22", "1570-07-22", "22 July 1569–22 July 1570."
"SRO1007", "", "1569-07-22", "1570-07-22", "22 July 1569–22 July 1570."
"SRO1008", "", "1569-07-22", "1570-07-22", "22 July 1569–22 July 1570."
"SRO1009", "", "1569-07-22", "1570-07-22", "22 July 1569–22 July 1570."
"SRO1010", "", "1569-07-22", "1570-07-22", "22 July 1569–22 July 1570."
"SRO1011", "", "1569-07-22", "1570-07-22", "22 July 1569–22 July 1570."
"SRO1012", "", "1569-07-22", "1570-07-22", "22 July 1569–22 July 1570."
"SRO1013", "", "1569-07-22", "1570-07-22", "22 July 1569–22 July 1570."
"SRO1014", "", "1569-07-22", "1570-07-22", "22 July 1569–22 July 1570."
"SRO1015", "", "1569-07-22", "1570-07-22", "22 July 1569–22 July 1570."
"SRO1016", "", "1569-07-22", "1570-07-22", "22 July 1569–22 July 1570."
"SRO1017", "", "1569-07-22", "1570-07-22", "22 July 1569–22 July 1570."
"SRO1018", "", "1569-07-22", "1570-07-22", "22 July 1569–22 July 1570."
"SRO1019", "", "1569-07-22", "1570-07-22", "22 July 1569–22 July 1570."
"SRO1020", "", "1569-07-22", "1570-07-22", "22 July 1569–22 July 1570."
"SRO1021", "", "1569-07-22", "1570-07-22", "22 July 1569–22 July 1570."
"SRO1022", "", "1569-07-22", "1570-07-22", "22 July 1569–22 July 1570."
"SRO1023", "", "1569-07-22", "1570-07-22", "22 July 1569–22 July 1570."
"SRO1024", "", "1569-07-22", "1570-07-22", "22 July 1569–22 July 1570."
"SRO1025", "", "1569-07-22", "1570-07-22", "22 July 1569–22 July 1570."
"SRO1026", "", "1569-07-22", "1570-07-22", "22 July 1569–22 July 1570."
"SRO1027", "", "1569-07-22", "1570-07-22", "22 July 1569–22 July 1570."
"SRO1028", "", "1569-07-22", "1570-07-22", "22 July 1569–22 July 1570."
"SRO1029", "", "1569-07-22", "1570-07-22", "22 July 1569–22 July 1570."
"SRO1030", "", "1569-07-22", "1570-07-22", "22 July 1569–22 July 1570."
"SRO1031", "", "1569-07-22", "1570-07-22", "22 July 1569–22 July 1570."
"SRO1032", "", "1569-07-22", "1570-07-22", "22 July 1569–22 July 1570."
"SRO1033", "", "1569-07-22", "1570-07-22", "22 July 1569–22 July 1570."
"SRO1034", "", "1569-07-22", "1570-07-22", "22 July 1569–22 July 1570."
"SRO1035", "", "1569-07-22", "1570-07-22", "22 July 1569–22 July 1570."
"SRO1036", "", "1569-07-22", "1570-07-22", "22 July 1569–22 July 1570."
"SRO1037", "", "1569-07-22", "1570-07-22", "22 July 1569–22 July 1570."
"SRO1038", "", "1569-07-22", "1570-07-22", "22 July 1569–22 July 1570."
"SRO1039", "", "1569-07-22", "1570-07-22", "22 July 1569–22 July 1570."
"SRO1040", "", "1569-07-22", "1570-07-22", "22 July 1569–22 July 1570."
"SRO1041", "", "1569-07-22", "1570-07-22", "22 July 1569–22 July 1570."
"SRO1042", "", "1569-07-22", "1570-07-22", "22 July 1569–22 July 1570."
"SRO1043", "", "1569-07-22", "1570-07-22", "22 July 1569–22 July 1570."
"SRO1044", "", "1569-07-22", "1570-07-22", "22 July 1569–22 July 1570."
"SRO1045", "", "1569-07-22", "1570-07-22", "22 July 1569–22 July 1570."
"SRO1046", "", "1569-07-22", "1570-07-22", "22 July 1569–22 July 1570."
"SRO1047", "", "1569-07-22", "1570-07-22", "22 July 1569–22 July 1570."
"SRO1048", "", "1569-07-22", "1570-07-22", "22 July 1569–22 July 1570."
"SRO1049", "", "1569-07-22", "1570-07-22", "22 July 1569–22 July 1570."
"SRO1050", "", "1569-07-22", "1570-07-22", "22 July 1569–22 July 1570."
"SRO1051", "", "1569-07-22", "1570-07-22", "22 July 1569–22 July 1570."
"SRO1052", "", "1569-07-22", "1570-07-22", "22 July 1569–22 July 1570."
"SRO1053", "", "1569-07-22", "1570-07-22", "22 July 1569–22 July 1570."
"SRO1054", "", "1569-07-22", "1570-07-22", "22 July 1569–22 July 1570."
"SRO1055", "", "1569-07-22", "1570-07-22", "22 July 1569–22 July 1570."
"SRO1056", "", "1569-07-22", "1570-07-22", "22 July 1569–22 July 1570."
"SRO1057", "", "1569-07-22", "1570-07-22", "22 July 1569–22 July 1570."
"SRO1058", "", "1569-07-22", "1570-07-22", "22 July 1569–22 July 1570."
"SRO1059", "", "1569-07-22", "1570-07-22", "22 July 1569–22 July 1570."
"SRO1060", "", "1569-07-22", "1570-07-22", "22 July 1569–22 July 1570."
"SRO1061", "", "1569-07-22", "1570-07-22", "22 July 1569–22 July 1570."
"SRO1062", "", "1569-07-22", "1570-07-22", "22 July 1569–22 July 1570."
"SRO1063", "", "1569-07-22", "1570-07-22", "22 July 1569–22 July 1570."
"SRO1064", "", "1569-07-22", "1570-07-22", "22 July 1569–22 July 1570."
"SRO1065", "", "1569-07-22", "1570-07-22", "22 July 1569–22 July 1570."
"SRO1066", "", "1569-07-22", "1570-07-22", "22 July 1569–22 July 1570."
"SRO1067", "", "1569-07-22", "1570-07-22", "22 July 1569–22 July 1570."
"SRO1068", "", "1569-07-22", "1570-07-22", "22 July 1569–22 July 1570."
"SRO1069", "", "1569-07-22", "1570-07-22", "22 July 1569–22 July 1570."
"SRO1070", "", "1569-07-22", "1570-07-22", "22 July 1569–22 July 1570."
"SRO1071", "", "1569-07-22", "1570-07-22", "22 July 1569–22 July 1570."
"SRO1072", "", "1569-07-22", "1570-07-22", "22 July 1569–22 July 1570."
"SRO1073", "", "1569-07-22", "1570-07-22", "22 July 1569–22 July 1570."
"SRO1074", "", "1569-07-22", "1570-07-22", "22 July 1569–22 July 1570."
"SRO1075", "", "1569-07-22", "1570-07-22", "22 July 1569–22 July 1570."
"SRO1076", "", "1569-07-22", "1570-07-22", "22 July 1569–22 July 1570."
"SRO1077", "", "1569-07-22", "1570-07-22", "22 July 1569–22 July 1570."
"SRO1078", "", "1569-07-22", "1570-07-22", "22 July 1569–22 July 1570."
"SRO1079", "", "1569-07-22", "1570-07-22", "22 July 1569–22 July 1570."
"SRO1080", "", "1569-07-22", "1570-07-22", "22 July 1569–22 July 1570."
"SRO1081", "", "1569-07-22", "1570-07-22", "22 July 1569–22 July 1570."
"SRO1082", "", "1569-07-22", "1570-07-22", "22 July 1569–22 July 1570."
"SRO1083", "", "1569-07-22", "1570-07-22", "22 July 1569–22 July 1570."
"SRO1084", "", "1569-07-22", "1570-07-22", "22 July 1569–22 July 1570."
"SRO1085", "", "1569-07-22", "1570-07-22", "22 July 1569–22 July 1570."
"SRO1086", "", "1569-07-22", "1570-07-22", "22 July 1569–22 July 1570."
"SRO1087", "", "1569-07-22", "1570-07-22", "22 July 1569–22 July 1570."
"SRO1088", "", "1569-07-22", "1570-07-22", "22 July 1569–22 July 1570."
"SRO1089", "", "1569-07-22", "1570-07-22", "22 July 1569–22 July 1570."
"SRO1090", "", "1569-07-22", "1570-07-22", "22 July 1569–22 July 1570."
"SRO1091", "", "1569-07-22", "1570-07-22", "22 July 1569–22 July 1570."
"SRO1092", "", "1569-07-22", "1570-07-22", "22 July 1569–22 July 1570."
"SRO1093", "", "1569-07-22", "1570-07-22", "22 July 1569–22 July 1570."
"SRO1094", "", "1569-07-22", "1570-07-22", "22 July 1569–22 July 1570."
"SRO1095", "", "1569-07-22", "1570-07-22", "22 July 1569–22 July 1570."
"SRO1096", "", "1569-07-22", "1570-07-22", "22 July 1569–22 July 1570."
"SRO1097", "", "1569-07-22", "1570-07-22", "22 July 1569–22 July 1570."
"SRO1098", "", "1569-07-22", "1570-07-22", "22 July 1569–22 July 1570."
"SRO1099", "", "1569-07-22", "1570-07-22", "22 July 1569–22 July 1570."
"SRO1100", "", "1569-07-22", "1570-07-22", "22 July 1569–22 July 1570."
"SRO1101", "", "1569-07-22", "1570-07-22", "22 July 1569–22 July 1570."
"SRO1102", "", "1569-07-22", "1570-07-22", "22 July 1569–22 July 1570."
"SRO1103", "", "1569-07-22", "1570-07-22", "22 July 1569–22 July 1570."
"SRO1104", "", "1569-07-22", "1570-07-22", "22 July 1569–22 July 1570."
"SRO1105", "", "1569-07-22", "1570-07-22", "22 July 1569–22 July 1570."
"SRO1106", "", "1569-07-22", "1570-07-22", "22 July 1569–22 July 1570."
"SRO1107", "", "1569-07-22", "1570-07-22", "22 July 1569–22 July 1570."
"SRO1108", "", "1569-07-22", "1570-07-22", "22 July 1569–22 July 1570."
"SRO1109", "", "1569-07-22", "1570-07-22", "22 July 1569–22 July 1570."
"SRO1110", "", "1569-07-22", "1570-07-22", "22 July 1569–22 July 1570."
"SRO1111", "", "1569-07-22", "1570-07-22", "22 July 1569–22 July 1570."
"SRO1112", "", "1569-07-22", "1570-07-22", "22 July 1569–22 July 1570."
"SRO1113", "", "1569-07-22", "1570-07-22", "22 July 1569–22 July 1570."
"SRO1114", "", "1569-07-22", "1570-07-22", "22 July 1569–22 July 1570."
"SRO1115", "", "1569-07-22", "1570-07-22", "22 July 1569–22 July 1570."
"SRO1116", "", "1569-07-22", "1570-07-22", "22 July 1569–22 July 1570."
"SRO1117", "", "1569-07-22", "1570-07-22", "22 July 1569–22 July 1570."
"SRO1118", "", "1569-07-22", "1570-07-22", "22 July 1569–22 July 1570."
"SRO1119", "", "1569-07-22", "1570-07-22", "22 July 1569–22 July 1570."
"SRO1120", "", "1569-07-22", "1570-07-22", "22 July 1569–22 July 1570."
"SRO1121", "", "1569-07-22", "1570-07-22", "22 July 1569–22 July 1570."
"SRO1122", "", "1569-07-22", "1570-07-22", "22 July 1569–22 July 1570."
"SRO1123", "", "1569-07-22", "1570-07-22", "22 July 1569–22 July 1570."
"SRO1124", "", "1569-07-22", "1570-07-22", "22 July 1569–22 July 1570."
"SRO1125", "", "1569-07-22", "1570-07-22", "22 July 1569–22 July 1570."
"SRO1126", "", "1569-07-22", "1570-07-22", "22 July 1569–22 July 1570."
"SRO1127", "", "1569-07-22", "1570-07-22", "22 July 1569–22 July 1570."
"SRO1128", "", "1569-07-22", "1570-07-22", "22 July 1569–22 July 1570."
"SRO1129", "", "1569-07-22", "1570-07-22", "22 July 1569–22 July 1570."
"SRO1130", "", "1569-07-22", "1570-07-22", "22 July 1569–22 July 1570."
"SRO1131", "", "1569-07-22", "1570-07-22", "22 July 1569–22 July 1570."
"SRO1132", "", "1569-07-22", "1570-07-22", "22 July 1569–22 July 1570."
"SRO1133", "", "1569-07-22", "1570-07-22", "22 July 1569–22 July 1570."
"SRO1134", "", "1569-07-22", "1570-07-22", "22 July 1569–22 July 1570."
"SRO1135", "", "1569-07-22", "1570-07-22", "22 July 1569–22 July 1570."
"SRO1136", "", "1569-07-22", "1570-07-22", "22 July 1569–22 July 1570."
"SRO1137", "", "1569-07-22", "1570-07-22", "22 July 1569–22 July 1570."
"SRO1138", "", "1569-07-22", "1570-07-22", "22 July 1569–22 July 1570."
"SRO1139", "", "1569-07-22", "1570-07-22", "22 July 1569–22 July 1570."
"SRO1140", "", "1569-07-22", "1570-07-22", "22 July 1569–22 July 1570."
"SRO1141", "", "1569-07-22", "1570-07-22", "22 July 1569–22 July 1570."
"SRO1142", "", "1569-07-22", "1570-07-22", "22 July 1569–22 July 1570."
"SRO1143", "", "1569-07-22", "1570-07-22", "22 July 1569–22 July 1570."
"SRO1144", "", "1569-07-22", "1570-07-22", "22 July 1569–22 July 1570."
"SRO1145", "", "1569-07-22", "1570-07-22", "22 July 1569–22 July 1570."
"SRO1146", "", "1569-07-22", "1570-07-22", "22 July 1569–22 July 1570."
"SRO1147", "", "1569-07-22", "1570-07-22", "22 July 1569–22 July 1570."
"SRO1148", "", "1569-07-22", "1570-07-22", "22 July 1569–22 July 1570."
"SRO1149", "", "1569-07-22", "1570-07-22", "22 July 1569–22 July 1570."
"SRO1150", "", "1569-07-22", "1570-07-22", "22 July 1569–22 July 1570."
"SRO1151", "", "1569-07-22", "1570-07-22", "22 July 1569–22 July 1570."
"SRO1152", "", "1569-07-22", "1570-07-22", "22 July 1569–22 July 1570."
"SRO1153", "", "1569-07-22", "1570-07-22", "22 July 1569–22 July 1570."
"SRO1154", "", "1569-07-22", "1570-07-22", "22 July 1569–22 July 1570."
"SRO1155", "", "1569-07-22", "1570-07-22", "22 July 1569–22 July 1570."
"SRO1156", "", "1569-07-22", "1570-07-22", "22 July 1569–22 July 1570."
"SRO1157", "", "1569-07-22", "1570-07-22", "22 July 1569–22 July 1570."
"SRO1158", "", "1569-07-22", "1570-07-22", "22 July 1569–22 July 1570."
"SRO1159", "", "1569-07-22", "1570-07-22", "22 July 1569–22 July 1570."
"SRO1160", "", "1569-07-22", "1570-07-22", "22 July 1569–22 July 1570."
"SRO1161", "", "1569-07-22", "1570-07-22", "22 July 1569–22 July 1570."
"SRO1162", "", "1569-07-22", "1570-07-22", "22 July 1569–22 July 1570."
"SRO1163", "", "1569-07-22", "1570-07-22", "22 July 1569–22 July 1570."
"SRO1164", "", "1569-07-22", "1570-07-22", "22 July 1569–22 July 1570."
"SRO1165", "", "1569-07-22", "1570-07-22", "22 July 1569–22 July 1570."
"SRO1166", "", "1569-07-22", "1570-07-22", "22 July 1569–22 July 1570."
"SRO1167", "", "1569-07-22", "1570-07-22", "22 July 1569–22 July 1570."
"SRO1168", "", "1569-07-22", "1570-07-22", "22 July 1569–22 July 1570."
"SRO1169", "", "1569-07-22", "1570-07-22", "22 July 1569–22 July 1570."
"SRO1170", "", "1569-07-22", "1570-07-22", "22 July 1569–22 July 1570."
"SRO1171", "", "1569-07-22", "1570-07-22", "22 July 1569–22 July 1570."
"SRO1172", "", "1569-07-22", "1570-07-22", "22 July 1569–22 July 1570."
"SRO1173", "", "1569-07-22", "1570-07-22", "22 July 1569–22 July 1570."
"SRO1174", "", "1570-07-22", "1571-07-22", "22 July 1570–22 July 1571."
"SRO1175", "", "1570-07-22", "1571-07-22", "22 July 1570–22 July 1571."
"SRO1176", "", "1570-07-22", "1571-07-22", "22 July 1570–22 July 1571."
"SRO1177", "", "1570-07-22", "1571-07-22", "22 July 1570–22 July 1571."
"SRO1178", "", "1570-07-22", "1571-07-22", "22 July 1570–22 July 1571."
"SRO1179", "", "1570-07-22", "1571-07-22", "22 July 1570–22 July 1571."
"SRO1180", "", "1570-07-22", "1571-07-22", "22 July 1570–22 July 1571."
"SRO1181", "", "1570-07-22", "1571-07-22", "22 July 1570–22 July 1571."
"SRO1182", "", "1570-07-22", "1571-07-22", "22 July 1570–22 July 1571."
"SRO1183", "", "1570-07-22", "1571-07-22", "22 July 1570–22 July 1571."
"SRO1184", "", "1570-07-22", "1571-07-22", "22 July 1570–22 July 1571."
"SRO1185", "", "1570-07-22", "1571-07-22", "22 July 1570–22 July 1571."
"SRO1186", "", "1570-07-22", "1571-07-22", "22 July 1570–22 July 1571."
"SRO1187", "", "1570-07-22", "1571-07-22", "22 July 1570–22 July 1571."
"SRO1188", "", "1570-07-22", "1571-07-22", "22 July 1570–22 July 1571."
"SRO1189", "", "1570-07-22", "1571-07-22", "22 July 1570–22 July 1571."
"SRO1190", "", "1570-07-22", "1571-07-22", "22 July 1570–22 July 1571."
"SRO1191", "", "1570-07-22", "1571-07-22", "22 July 1570–22 July 1571."
"SRO1192", "", "1570-07-22", "1571-07-22", "22 July 1570–22 July 1571."
"SRO1193", "", "1570-07-22", "1571-07-22", "22 July 1570–22 July 1571."
"SRO1194", "", "1570-07-22", "1571-07-22", "22 July 1570–22 July 1571."
"SRO1195", "", "1570-07-22", "1571-07-22", "22 July 1570–22 July 1571."
"SRO1196", "", "1570-07-22", "1571-07-22", "22 July 1570–22 July 1571."
"SRO1197", "", "1570-07-22", "1571-07-22", "22 July 1570–22 July 1571."
"SRO1198", "", "1570-07-22", "1571-07-22", "22 July 1570–22 July 1571."
"SRO1199", "", "1570-07-22", "1571-07-22", "22 July 1570–22 July 1571."
"SRO1200", "", "1570-07-22", "1571-07-22", "22 July 1570–22 July 1571."
"SRO1201", "", "1570-07-22", "1571-07-22", "22 July 1570–22 July 1571."
"SRO1202", "", "1570-07-22", "1571-07-22", "22 July 1570–22 July 1571."
"SRO1203", "", "1570-07-22", "1571-07-22", "22 July 1570–22 July 1571."
"SRO1204", "", "1570-07-22", "1571-07-22", "22 July 1570–22 July 1571."
"SRO1205", "", "1570-07-22", "1571-07-22", "22 July 1570–22 July 1571."
"SRO1206", "", "1570-07-22", "1571-07-22", "22 July 1570–22 July 1571."
"SRO1207", "", "1570-07-22", "1571-07-22", "22 July 1570–22 July 1571."
"SRO1208", "", "1570-07-22", "1571-07-22", "22 July 1570–22 July 1571."
"SRO1209", "", "1570-07-22", "1571-07-22", "22 July 1570–22 July 1571."
"SRO1210", "", "1570-07-22", "1571-07-22", "22 July 1570–22 July 1571."
"SRO1211", "", "1570-07-22", "1571-07-22", "22 July 1570–22 July 1571."
"SRO1212", "", "1570-07-22", "1571-07-22", "22 July 1570–22 July 1571."
"SRO1213", "", "1570-07-22", "1571-07-22", "22 July 1570–22 July 1571."
"SRO1214", "", "1570-07-22", "1571-07-22", "22 July 1570–22 July 1571."
"SRO1215", "", "1570-07-22", "1571-07-22", "22 July 1570–22 July 1571."
"SRO1216", "", "1570-07-22", "1571-07-22", "22 July 1570–22 July 1571."
"SRO1217", "", "1570-07-22", "1571-07-22", "22 July 1570–22 July 1571."
"SRO1218", "", "1570-07-22", "1571-07-22", "22 July 1570–22 July 1571."
"SRO1219", "", "1570-07-22", "1571-07-22", "22 July 1570–22 July 1571."
"SRO1220", "", "1570-07-22", "1571-07-22", "22 July 1570–22 July 1571."
"SRO1221", "", "1570-07-22", "1571-07-22", "22 July 1570–22 July 1571."
"SRO1222", "", "1570-07-22", "1571-07-22", "22 July 1570–22 July 1571."
"SRO1223", "", "1570-07-22", "1571-07-22", "22 July 1570–22 July 1571."
"SRO1224", "", "1570-07-22", "1571-07-22", "22 July 1570–22 July 1571."
"SRO1225", "", "1570-07-22", "1571-07-22", "22 July 1570–22 July 1571."
"SRO1226", "", "1570-07-22", "1571-07-22", "22 July 1570–22 July 1571."
"SRO1227", "", "1570-07-22", "1571-07-22", "22 July 1570–22 July 1571."
"SRO1228", "", "1570-07-22", "1571-07-22", "22 July 1570–22 July 1571."
"SRO1229", "", "1570-07-22", "1571-07-22", "22 July 1570–22 July 1571."
"SRO1230", "", "1570-07-22", "1571-07-22", "22 July 1570–22 July 1571."
"SRO1231", "", "1570-07-22", "1571-07-22", "22 July 1570–22 July 1571."
"SRO1232", "", "1570-07-22", "1571-07-22", "22 July 1570–22 July 1571."
"SRO1233", "", "1570-07-22", "1571-07-22", "22 July 1570–22 July 1571."
"SRO1234", "", "1570-07-22", "1571-07-22", "22 July 1570–22 July 1571."
"SRO1235", "", "1570-07-22", "1571-07-22", "22 July 1570–22 July 1571."
"SRO1236", "", "1570-07-22", "1571-07-22", "22 July 1570–22 July 1571."
"SRO1237", "", "1570-07-22", "1571-07-22", "22 July 1570–22 July 1571."
"SRO1238", "", "1570-07-22", "1571-07-22", "22 July 1570–22 July 1571."
"SRO1239", "", "1570-07-22", "1571-07-22", "22 July 1570–22 July 1571."
"SRO1240", "", "1570-07-22", "1571-07-22", "22 July 1570–22 July 1571."
"SRO1241", "", "1570-07-22", "1571-07-22", "22 July 1570–22 July 1571."
"SRO1242", "", "1570-07-22", "1571-07-22", "22 July 1570–22 July 1571."
"SRO1243", "", "1570-07-22", "1571-07-22", "22 July 1570–22 July 1571."
"SRO1244", "", "1570-07-22", "1571-07-22", "22 July 1570–22 July 1571."
"SRO1245", "", "1570-07-22", "1571-07-22", "22 July 1570–22 July 1571."
"SRO1246", "", "1570-07-22", "1571-07-22", "22 July 1570–22 July 1571."
"SRO1247", "", "1570-07-22", "1571-07-22", "22 July 1570–22 July 1571."
"SRO1248", "", "1570-07-22", "1571-07-22", "22 July 1570–22 July 1571."
"SRO1249", "", "1570-07-22", "1571-07-22", "22 July 1570–22 July 1571."
"SRO1250", "", "1570-07-22", "1571-07-22", "22 July 1570–22 July 1571."
"SRO1251", "", "1570-07-22", "1571-07-22", "22 July 1570–22 July 1571."
"SRO1252", "", "1570-07-22", "1571-07-22", "22 July 1570–22 July 1571."
"SRO1253", "", "1570-07-22", "1571-07-22", "22 July 1570–22 July 1571."
"SRO1254", "", "1570-07-22", "1571-07-22", "22 July 1570–22 July 1571."
"SRO1255", "", "1570-07-22", "1571-07-22", "22 July 1570–22 July 1571."
"SRO1256", "", "1570-07-22", "1571-07-22", "22 July 1570–22 July 1571."
"SRO1257", "", "1570-07-22", "1571-07-22", "22 July 1570–22 July 1571."
"SRO1258", "", "1570-07-22", "1571-07-22", "22 July 1570–22 July 1571."
"SRO1259", "", "1570-07-22", "1571-07-22", "22 July 1570–22 July 1571."
"SRO1260", "", "1570-07-22", "1571-07-22", "22 July 1570–22 July 1571."
"SRO1261", "", "1570-07-22", "1571-07-22", "22 July 1570–22 July 1571."
"SRO1262", "", "1570-07-22", "1571-07-22", "22 July 1570–22 July 1571."
"SRO1263", "", "1570-07-22", "1571-07-22", "22 July 1570–22 July 1571."
"SRO1264", "", "1570-07-22", "1571-07-22", "22 July 1570–22 July 1571."
